Date,Open,High,Low,Close,Volume,Adj Close
12/09/2008,34.16,35.57,33.66,35.07,767400,35.07
11/09/2008,33.38,34.31,32.48,34.31,602800,34.31
10/09/2008,33.42,34.65,33.23,33.7,834500,33.7
9/09/2008,34.65,35.38,33.43,33.48,807000,33.48
8/09/2008,35.18,35.76,33.52,34.5,1012200,34.5
5/09/2008,34.2,34.44,32.95,34.35,974500,34.35
4/09/2008,35.32,35.8,34.37,34.79,624300,34.62
3/09/2008,36.72,37.64,35.23,35.78,893100,35.61
2/09/2008,36.34,37.6,36.13,36.71,551900,36.53
29/08/2008,35.93,36.27,35.49,35.64,253600,35.47
28/08/2008,35.61,36.58,35.53,36.15,347300,35.97
27/08/2008,34.98,35.88,34.58,35.34,387600,35.17
26/08/2008,34.98,35.52,34.6,35.03,311900,34.86
25/08/2008,35.81,35.81,34.43,34.98,297000,34.81
22/08/2008,34.95,36.19,34.86,35.97,315100,35.79
21/08/2008,35.89,35.97,34.23,34.67,793300,34.5
20/08/2008,36.85,36.96,35.63,36.28,575900,36.1
19/08/2008,37.38,37.38,36.4,36.71,278300,36.53
18/08/2008,38.34,38.8,37.29,37.91,372400,37.72
15/08/2008,39.25,39.25,37.55,38.23,412800,38.04
14/08/2008,37.37,38.53,37.17,38.35,347100,38.16
13/08/2008,37.31,38.28,36.8,37.71,801400,37.53
12/08/2008,37.95,37.95,36.88,37.34,519000,37.16
11/08/2008,36.04,38.28,35.8,37.82,796400,37.64
8/08/2008,34.26,36.57,33.82,36.12,762900,35.94
7/08/2008,33.81,34.75,33.49,33.76,544000,33.6
6/08/2008,33.22,34.41,33.05,34.12,456800,33.95
5/08/2008,32.89,33.76,32.79,33.25,820600,33.09
4/08/2008,33.62,33.91,32.32,32.54,785200,32.38
1/08/2008,34.2,34.77,33.4,33.71,856400,33.55
31/07/2008,34.67,35.18,34,34.05,799800,33.88
30/07/2008,35.07,35.3,34.46,35.13,701700,34.96
29/07/2008,34.67,35.31,34.42,34.8,778100,34.63
28/07/2008,34.74,35.12,34.1,34.38,760600,34.21
25/07/2008,38.53,38.53,33.08,34.93,1946800,34.76
24/07/2008,39.64,39.64,35.99,36.9,2963600,36.72
23/07/2008,38.15,39.9,38.07,39.4,1290900,39.21
22/07/2008,37.5,38.37,37.28,38.15,953300,37.96
21/07/2008,37.96,38.09,37.39,38.02,546700,37.83
18/07/2008,36.7,38.1,36.66,37.65,710000,37.47
17/07/2008,35.36,36.71,35.13,36.57,717100,36.39
16/07/2008,33.46,35.41,33.4,35.28,473700,35.11
15/07/2008,33.04,34,31.5,33.67,762100,33.51
14/07/2008,33.94,34.36,32.88,33.35,316800,33.19
11/07/2008,33.74,34.47,33.15,33.67,770800,33.51
10/07/2008,33.06,34.25,33.06,34.12,554500,33.95
9/07/2008,33.66,34.49,32.81,33.05,712600,32.89
8/07/2008,33,33.76,32.37,33.72,660900,33.56
7/07/2008,33.75,33.83,32.43,33.06,552200,32.9
3/07/2008,32.95,33.62,32.3,33.4,314600,33.24
2/07/2008,33.6,34,32.81,32.93,890100,32.77
1/07/2008,35.73,35.73,33.46,33.69,1024100,33.53
30/06/2008,36.23,36.23,34.98,34.98,874500,34.81
27/06/2008,35.76,36.11,35,35.38,1952700,35.21
26/06/2008,38.38,38.39,34.58,35.91,1621700,35.73
25/06/2008,37.9,38.99,37.63,38.98,831600,38.79
24/06/2008,38.06,38.61,37.69,37.71,604000,37.53
23/06/2008,38.8,39.46,38,38.11,408800,37.92
20/06/2008,39.27,39.89,38,38.42,912800,38.23
19/06/2008,38.59,39.52,37.95,39.52,623900,39.33
18/06/2008,37.4,38.29,37,38.29,932100,38.1
17/06/2008,36.67,37.1,36.2,36.46,410400,36.28
16/06/2008,36.48,36.63,36.15,36.63,333100,36.45
13/06/2008,36.16,36.71,35.93,36.55,272600,36.37
12/06/2008,35.5,36.57,35.42,35.67,368200,35.5
11/06/2008,35.6,36,35.19,35.39,497500,35.22
10/06/2008,35.43,36.2,35.43,35.7,875500,35.53
9/06/2008,35.51,35.93,35.15,35.53,335200,35.36
6/06/2008,36.24,36.44,35.48,35.48,445000,35.31
5/06/2008,36.65,36.68,35.79,36.56,488400,36.38
4/06/2008,36.52,36.84,36.41,36.56,520900,36.21
3/06/2008,35.95,36.86,35.48,36.52,872200,36.17
2/06/2008,35.3,35.93,35.17,35.88,654700,35.54
30/05/2008,33.74,35.34,33.71,35.2,495400,34.87
29/05/2008,33.99,34.12,33.57,33.63,594600,33.31
28/05/2008,33.35,34.18,33.2,34,829800,33.68
27/05/2008,32.64,33.3,32.26,33.09,335400,32.78
23/05/2008,33.22,33.49,32.2,32.33,389000,32.02
22/05/2008,33.16,34,33.16,33.45,333500,33.13
21/05/2008,34.32,34.32,32.84,33.29,284800,32.97
20/05/2008,34.72,34.88,33.79,34.09,263400,33.77
19/05/2008,34.34,35.53,33.86,34.95,386100,34.62
16/05/2008,35,35,33.87,34.36,295800,34.03
15/05/2008,33.94,34.66,33.35,34.65,213600,34.32
14/05/2008,33.72,34.48,33.5,33.87,232000,33.55
13/05/2008,33.17,33.79,33.17,33.74,235700,33.42
12/05/2008,32.53,33.11,31.87,33.06,245100,32.75
9/05/2008,32,32.88,31.78,32.29,254100,31.98
8/05/2008,32.95,33.49,32.26,32.44,256400,32.13
7/05/2008,33.18,33.64,32.76,33,315000,32.69
6/05/2008,33.18,33.32,32.69,33.07,499600,32.76
5/05/2008,34.01,34.42,33.21,33.45,252600,33.13
2/05/2008,34.29,34.48,33.33,33.93,384700,33.61
1/05/2008,32.5,34.6,32.34,34.09,471100,33.77
30/04/2008,33.65,33.72,32.4,32.4,505500,32.09
29/04/2008,33.79,33.91,32.29,32.39,626800,32.08
28/04/2008,31.1,33.88,31.06,33.88,1157000,33.56
25/04/2008,29.7,30.98,29.5,30.84,458600,30.55
24/04/2008,28.46,30,28.33,29.46,896800,29.18
23/04/2008,28.02,29,27.51,29,323400,28.72
22/04/2008,28.52,28.59,27.26,27.85,288700,27.59
21/04/2008,28.09,28.75,28.01,28.52,204800,28.25
18/04/2008,27.54,28.48,27.44,28.26,267800,27.99
17/04/2008,27.81,27.93,27.08,27.09,236000,26.83
16/04/2008,26.44,28,26.44,27.84,391500,27.58
15/04/2008,25.81,26.3,25.51,26.23,281300,25.98
14/04/2008,26.14,26.22,25.65,25.68,271900,25.44
11/04/2008,27.23,27.27,25.91,26.01,518100,25.76
10/04/2008,26.85,27.53,26.64,27.5,345700,27.24
9/04/2008,27.08,27.54,26.44,26.71,493900,26.46
8/04/2008,27.49,27.69,26.74,26.99,406000,26.73
7/04/2008,28.39,28.49,27.5,27.58,267500,27.32
4/04/2008,27.84,28.32,27.61,28.15,332900,27.88
3/04/2008,28.15,28.3,27.57,27.76,521000,27.5
2/04/2008,28.51,28.97,27.91,28.28,694200,28.01
1/04/2008,28.31,28.5,27.87,28.41,416200,28.14
31/03/2008,27.66,28.27,27.5,28,554400,27.73
28/03/2008,28.17,28.33,27.5,27.57,468100,27.31
27/03/2008,29,29.15,28.17,28.18,441500,27.91
26/03/2008,29.01,29.1,28.53,28.82,528900,28.55
25/03/2008,29.2,29.27,28.86,29.18,451200,28.9
24/03/2008,27.99,29.6,27.56,29.22,501300,28.94
20/03/2008,28.07,28.13,26.81,27.56,937600,27.3
19/03/2008,28.94,29.3,27.84,27.84,447200,27.58
18/03/2008,27.11,28.81,27.05,28.67,721500,28.4
17/03/2008,26.39,27.17,25.86,26.53,601100,26.28
14/03/2008,28.08,28.11,26.65,27.11,638900,26.85
13/03/2008,26.67,27.94,26.49,27.78,638400,27.52
12/03/2008,27.51,27.97,26.94,26.94,356100,26.68
11/03/2008,26.89,27.46,26.48,27.42,464500,27.16
10/03/2008,26.81,27.34,26,26.09,293200,25.84
7/03/2008,26.7,27.35,26.4,26.62,345000,26.37
6/03/2008,28.53,28.56,26.86,26.97,378000,26.71
5/03/2008,28.82,29.31,28.28,28.63,361800,28.19
4/03/2008,28.52,28.82,27.95,28.62,364000,28.18
3/03/2008,28.74,29.1,28.22,28.76,305500,28.32
29/02/2008,29.5,29.92,28.57,28.67,629800,28.23
28/02/2008,30,30.24,29.64,29.79,639600,29.33
27/02/2008,29.91,30.51,29.56,30.14,782400,29.68
26/02/2008,29.26,30.49,29.22,30.15,530300,29.69
25/02/2008,28.72,29.68,28.41,29.51,405600,29.06
22/02/2008,28.98,28.98,27.95,28.62,391100,28.18
21/02/2008,30.06,30.23,28.68,28.88,399700,28.44
20/02/2008,28.91,30,28.64,29.92,524200,29.46
19/02/2008,29.61,29.86,28.77,29.06,349500,28.61
15/02/2008,29.45,29.71,28.94,29.16,274900,28.71
14/02/2008,30.36,30.56,29.54,29.68,437100,29.22
13/02/2008,29.99,30.36,29.73,30.17,609600,29.71
12/02/2008,29.55,30.22,29.32,29.65,718800,29.19
11/02/2008,30.42,30.42,29.4,29.55,839300,29.1
8/02/2008,30.95,31.37,30.07,30.35,489700,29.88
7/02/2008,30.73,31.63,30.52,31.05,508300,30.57
6/02/2008,31.87,32.13,30.76,30.85,372600,30.38
5/02/2008,31.33,31.66,30.81,31.56,980500,31.07
4/02/2008,32.96,33.23,31.19,31.85,888300,31.36
1/02/2008,31,33.11,30.3,32.99,783900,32.48
31/01/2008,28.89,30.84,28.51,30.28,582000,29.81
30/01/2008,29.1,30.5,28.91,29.25,718900,28.8
29/01/2008,27.85,29.35,27.7,29.25,741800,28.8
28/01/2008,26.94,27.65,26.5,27.62,474300,27.19
25/01/2008,27.03,27.86,26.56,26.86,494100,26.45
24/01/2008,27.38,28.23,26.52,26.59,867200,26.18
23/01/2008,25.15,27.1,24.75,26.97,1112000,26.55
22/01/2008,24.08,26.1,24.08,25.7,1132700,25.3
18/01/2008,24.87,25.48,24.34,25.02,922300,24.63
17/01/2008,26.5,26.79,24.9,24.94,570000,24.56
16/01/2008,26.63,27.05,26.1,26.35,555300,25.94
15/01/2008,27.51,27.82,25.82,26.65,822400,26.24
14/01/2008,27.91,28.3,27.45,27.84,345900,27.41
11/01/2008,28.88,29.15,27.56,27.66,425600,27.23
10/01/2008,29,29.49,28.45,29.05,481600,28.6
9/01/2008,29.77,29.77,28.35,29.26,1005100,28.81
8/01/2008,30.8,31.53,29.18,29.38,663500,28.93
7/01/2008,31.52,31.54,30.21,30.66,489800,30.19
4/01/2008,32.21,32.34,31.31,31.31,671500,30.83
3/01/2008,32.48,33.22,32.15,32.58,509000,32.08
2/01/2008,33.5,34.14,32.24,32.53,391400,32.03
31/12/2007,34.26,34.26,33.38,33.66,237600,33.14
28/12/2007,33.56,35.19,33.56,34.48,369000,33.95
27/12/2007,34.8,34.91,33.6,33.69,266400,33.17
26/12/2007,34.8,35.42,34.26,34.87,302200,34.33
24/12/2007,34.61,35.06,33.95,34.99,105600,34.45
21/12/2007,33.45,34.05,33.26,34.05,664500,33.53
20/12/2007,32.61,32.99,32.14,32.99,501600,32.48
19/12/2007,32.72,33.09,32,32.4,314000,31.9
18/12/2007,33.01,33.43,32.33,33.17,430600,32.66
17/12/2007,34.31,34.31,32.65,32.66,496100,32.16
14/12/2007,34.63,35.07,33.93,34.46,614100,33.93
13/12/2007,35.67,35.67,34.08,35.19,730900,34.65
12/12/2007,38.21,38.22,36.1,36.77,356900,36.2
11/12/2007,37.68,38.74,36.82,36.92,601500,36.18
10/12/2007,36.31,37.58,36.27,37.27,383000,36.53
7/12/2007,36.61,36.95,36,36.32,450600,35.6
6/12/2007,33.84,36.43,33.83,36.43,536800,35.7
5/12/2007,33.5,34.13,33.19,33.86,379200,33.19
4/12/2007,32.94,33.45,32.58,32.93,332100,32.27
3/12/2007,33.91,33.98,33.09,33.18,589100,32.52
30/11/2007,34.06,34.36,33.32,33.75,449400,33.08
29/11/2007,33.79,34.05,33.2,33.43,323800,32.76
28/11/2007,33.07,33.83,32.74,33.74,445100,33.07
27/11/2007,32.9,33.55,32.41,32.69,594900,32.04
26/11/2007,33.2,33.59,32.5,32.65,543400,32
23/11/2007,32.99,33.51,32.29,33.31,162000,32.65
21/11/2007,33.32,33.48,32.31,32.56,573600,31.91
20/11/2007,33.89,34.61,32.45,33.41,652900,32.74
19/11/2007,34.78,35.03,33.76,34.01,553000,33.33
16/11/2007,35.16,35.35,34.5,35.02,638000,34.32
15/11/2007,35.91,35.92,34.54,35.04,390300,34.34
14/11/2007,36.26,36.51,35.97,36.15,465500,35.43
13/11/2007,34.85,36.08,34.75,36.08,563200,35.36
12/11/2007,34.85,35.54,34.5,34.6,729000,33.91
9/11/2007,35.73,35.93,34.72,34.85,837600,34.16
8/11/2007,37.09,37.15,35.78,36.14,803100,35.42
7/11/2007,38.01,38.07,36.92,37.2,784700,36.46
6/11/2007,38.15,38.6,37.5,38.2,472300,37.44
5/11/2007,38.26,38.53,37.41,37.94,463100,37.18
2/11/2007,39.08,39.41,38.26,38.94,350000,38.16
1/11/2007,39.55,39.64,38.45,38.5,545900,37.73
31/10/2007,39.62,40.86,39.31,40.32,536400,39.52
30/10/2007,39.14,40,38.96,39.29,603600,38.51
29/10/2007,40,40.27,38.66,39.35,910100,38.57
26/10/2007,39,39.64,37.31,39.32,1903900,38.54
25/10/2007,41.15,42,39.91,40.46,412000,39.65
24/10/2007,40.9,41.38,39.59,41.21,424600,40.39
23/10/2007,40.9,41.31,40.47,41.25,351200,40.43
22/10/2007,39.5,40.7,39.11,40.43,558300,39.62
19/10/2007,41.68,41.8,39.87,39.87,620700,39.08
18/10/2007,41.68,42.23,41.45,41.78,268100,40.95
17/10/2007,42.75,43.02,41.53,41.85,513000,41.02
16/10/2007,42.7,42.75,41.82,42.18,387400,41.34
15/10/2007,43.42,43.63,42.52,42.86,384800,42.01
12/10/2007,43.66,44.08,42.95,43.61,457300,42.74
11/10/2007,44.45,45.2,43.58,43.69,566200,42.82
10/10/2007,43.58,44.98,43.56,44.25,640900,43.37
9/10/2007,43.21,43.99,43.02,43.76,524200,42.89
8/10/2007,43.05,43.27,42.46,43.11,484600,42.25
5/10/2007,41.8,43.29,41.6,43.11,536100,42.25
4/10/2007,41.5,41.5,40.91,41.16,376400,40.34
3/10/2007,41.14,41.77,40.95,41.3,519800,40.48
2/10/2007,40.91,41.52,40.5,41.45,376800,40.62
1/10/2007,40.02,41.47,40,40.78,719500,39.97
28/09/2007,39.77,40.92,39.51,39.95,509100,39.15
27/09/2007,39.16,39.82,38.54,39.45,535900,38.66
26/09/2007,39.03,39.2,38.61,38.91,355700,38.13
25/09/2007,38.93,39.61,37.95,39,645000,38.22
24/09/2007,39.33,39.89,39.07,39.34,617700,38.56
21/09/2007,40.22,40.22,38.99,39.18,740400,38.4
20/09/2007,39.39,39.65,38.76,39.25,580100,38.47
19/09/2007,39.57,40.4,38.72,39.7,1326800,38.91
18/09/2007,38.91,40.15,37.95,40.11,899500,39.31
17/09/2007,39.22,39.53,38.17,38.64,789300,37.87
14/09/2007,38.25,39.98,38.25,39.32,636400,38.54
13/09/2007,39.44,39.45,38.05,38.5,1148100,37.73
12/09/2007,40.75,41.08,39.03,39.2,532900,38.42
11/09/2007,40.37,41.06,39.42,40.92,770200,40.1
10/09/2007,39.75,40.52,39.07,40,689200,39.2
7/09/2007,40.68,40.85,38.56,39.24,1071500,38.46
6/09/2007,42,42,41.55,41.72,386700,40.89
5/09/2007,42.01,42.21,41.74,41.91,623300,41.07
4/09/2007,41.54,43.29,41.45,42.79,1005300,41.77
31/08/2007,42.16,42.95,41.27,41.64,700000,40.65
30/08/2007,43.2,43.89,41.58,41.79,477800,40.79
29/08/2007,42.7,43.84,42.34,43.56,349900,42.52
28/08/2007,43.89,44,42.44,42.44,368400,41.43
27/08/2007,44.3,44.77,43.86,44.01,274600,42.96
24/08/2007,43.19,44.59,43.05,44.53,320800,43.47
23/08/2007,44.35,44.42,43.06,43.34,272900,42.31
22/08/2007,43.85,44.35,43.48,44.09,250300,43.04
21/08/2007,43.76,43.99,42.85,43.25,335000,42.22
20/08/2007,43.92,44.52,42.99,43.67,405600,42.63
17/08/2007,42.19,44.29,42.19,43.64,543300,42.6
16/08/2007,41.99,42.9,40.44,42.19,925000,41.18
15/08/2007,44.15,44.25,42.56,42.69,619700,41.67
14/08/2007,46.4,46.87,44.32,44.33,505900,43.27
13/08/2007,48.01,48.43,45.93,46.41,492500,45.3
10/08/2007,46.6,48.08,44.3,46.85,902600,45.73
9/08/2007,45.58,49.89,44.67,47.41,1862000,46.28
8/08/2007,45.3,47.6,45.25,46.38,1269700,45.28
7/08/2007,42.97,45.16,42.7,44.75,1043500,43.68
6/08/2007,43.32,44.4,42.33,43.44,763400,42.41
3/08/2007,45.23,45.48,43.51,43.63,667300,42.59
2/08/2007,45.26,45.55,44.63,45.34,584100,44.26
1/08/2007,45.66,46.11,43.65,45.09,1154800,44.02
31/07/2007,47,47.75,45.38,45.64,758300,44.55
30/07/2007,45.4,46.64,44.16,46.64,1198100,45.53
27/07/2007,42.16,46.13,41.1,44.63,1944200,43.57
26/07/2007,47.42,48.41,45.22,45.97,743200,44.87
25/07/2007,49.57,49.63,47.12,48.12,600100,46.97
24/07/2007,48.93,49.97,48.56,48.91,625700,47.74
23/07/2007,49.64,50.49,49.45,49.82,368500,48.63
20/07/2007,50,50.1,48.79,49.35,463000,48.17
19/07/2007,50.11,50.53,49.57,50.11,305400,48.92
18/07/2007,49.97,49.98,49.01,49.67,394800,48.49
17/07/2007,50.78,51.3,49.91,50.05,458000,48.86
16/07/2007,51.02,51.96,50.2,50.47,573700,49.27
13/07/2007,50.75,51.56,50.33,51.08,489300,49.86
12/07/2007,48.51,50.96,48.51,50.91,606500,49.7
11/07/2007,47.17,48.93,47,48.51,611400,47.35
10/07/2007,49.47,49.59,48.71,49.11,419400,47.94
9/07/2007,49.94,50.28,49.61,50.01,240400,48.82
6/07/2007,49.86,50.15,49.43,50.04,189400,48.85
5/07/2007,50.3,50.3,49.64,49.86,162700,48.67
3/07/2007,50.35,50.73,50.1,50.21,97500,49.01
2/07/2007,49.61,50.44,49.53,50.35,282600,49.15
29/06/2007,49.91,50.24,49.24,49.28,310400,48.11
28/06/2007,49.18,50.5,49.18,49.7,389400,48.52
27/06/2007,48.53,49.08,47.93,49.08,451400,47.91
26/06/2007,49.02,49.46,48.3,48.99,541100,47.82
25/06/2007,50.15,50.17,48.59,48.86,714800,47.7
22/06/2007,50.63,51.02,50.2,50.36,705700,49.16
21/06/2007,50.15,51.01,49.72,50.61,748200,49.4
20/06/2007,49.4,50.73,49.14,50.19,688100,48.99
19/06/2007,48.93,49.4,47.97,49.27,388200,48.1
18/06/2007,49.75,50.08,48.77,48.93,380100,47.76
15/06/2007,49.49,50.48,49.41,49.75,999100,48.56
14/06/2007,47.5,48.93,47.5,48.59,591400,47.43
13/06/2007,46.44,47.43,46.33,47.32,583100,46.19
12/06/2007,46.6,46.96,45.68,46.19,817600,45.09
11/06/2007,45.7,47.35,45.4,46.77,852200,45.66
8/06/2007,45.32,46.05,45,45.89,322400,44.8
7/06/2007,46.4,46.4,45.09,45.25,362100,44.17
6/06/2007,46.9,46.91,46.21,46.4,288500,45.29
5/06/2007,47.07,47.47,46.7,47.45,448900,46.15
4/06/2007,46.96,47.49,46.65,47.07,268200,45.78
1/06/2007,46.62,47.23,46.2,46.96,633500,45.68
31/05/2007,46.03,47.01,46.03,46.38,355300,45.11
30/05/2007,45.65,46.36,45.35,46.03,397300,44.77
29/05/2007,46,46.5,45.74,46.16,379100,44.9
25/05/2007,45.7,46.23,45.55,45.8,273900,44.55
24/05/2007,46.2,46.55,44.93,45.25,529700,44.01
23/05/2007,47.02,47.36,46.13,46.36,556000,45.09
22/05/2007,46,47.8,45.91,46.8,756400,45.52
21/05/2007,45.15,45.98,45.11,45.88,333900,44.63
18/05/2007,44.79,45.54,44.35,45.15,243600,43.92
17/05/2007,44.89,45.1,44.3,44.79,366300,43.57
16/05/2007,45.11,45.66,44.54,45.1,364400,43.87
15/05/2007,46.28,46.5,45.06,45.11,794400,43.88
14/05/2007,46.6,46.8,45.96,46.22,549300,44.96
11/05/2007,45.84,46.57,45.79,46.42,532900,45.15
10/05/2007,46,46.69,45.33,45.41,719000,44.17
9/05/2007,45.75,46.23,45,46.03,624400,44.77
8/05/2007,44.9,46.05,44.83,45.82,711400,44.57
7/05/2007,44.64,45.13,44.53,45.13,832800,43.9
4/05/2007,44,44.47,43.15,43.97,1832600,42.77
3/05/2007,39.99,40.01,39.4,39.79,286400,38.7
2/05/2007,39.27,40.22,39.2,40.05,343600,38.96
1/05/2007,39.46,39.58,38.39,39.27,282500,38.2
30/04/2007,39.1,40.31,38.96,39.39,511700,38.31
27/04/2007,38.86,39.31,38.42,39.06,225300,37.99
26/04/2007,38.85,39.08,38.51,38.85,195500,37.79
25/04/2007,38.86,38.9,38.4,38.81,220400,37.75
24/04/2007,38.79,38.8,38.25,38.58,267400,37.53
23/04/2007,39.1,39.37,38.72,38.79,127000,37.73
20/04/2007,39.75,39.75,39,39.09,284300,38.02
19/04/2007,38.35,39.09,38.35,39.01,321600,37.94
18/04/2007,38.7,39.01,38.22,38.79,290300,37.73
17/04/2007,39.15,39.15,38.55,38.7,219700,37.64
16/04/2007,37.95,39,37.9,39,332700,37.93
13/04/2007,37.68,37.83,37.46,37.82,438500,36.79
12/04/2007,37.54,37.73,36.89,37.73,190900,36.7
11/04/2007,37.95,37.95,37,37.51,303300,36.49
10/04/2007,37.77,38,37.65,37.95,137700,36.91
9/04/2007,37.75,38.14,37.6,37.77,262400,36.74
5/04/2007,38.11,38.43,37.46,37.82,291800,36.79
4/04/2007,38.47,38.78,38.25,38.43,204800,37.38
3/04/2007,38.55,38.9,38.39,38.47,221500,37.42
2/04/2007,37.89,38.4,37.59,38.4,320100,37.35
30/03/2007,37.35,37.98,37.16,37.74,358000,36.71
29/03/2007,37.41,37.43,36.87,37.35,249200,36.33
28/03/2007,36.97,37.28,36.6,37.09,495100,36.08
27/03/2007,37.41,37.57,36.95,37.2,273300,36.18
26/03/2007,37.85,38.13,37.42,37.75,505100,36.72
23/03/2007,37.91,38.07,37.5,37.95,166200,36.91
22/03/2007,38.1,38.11,37.58,38,178300,36.96
21/03/2007,36.96,38.05,36.96,37.96,239200,36.92
20/03/2007,37.25,37.85,37.25,37.85,173600,36.82
19/03/2007,36.9,37.49,36.9,37.33,195800,36.31
16/03/2007,36.69,36.9,36.38,36.74,463900,35.74
15/03/2007,36.84,37,36.42,36.69,150900,35.69
14/03/2007,36,36.68,35.65,36.65,322400,35.65
13/03/2007,36.72,36.72,36,36.02,361800,35.04
12/03/2007,36.46,36.92,36.42,36.73,218200,35.73
9/03/2007,36.48,36.69,36.21,36.37,417700,35.38
8/03/2007,35.53,36.65,35.53,36.24,651100,35.25
7/03/2007,35.01,35.5,34.73,35.19,574700,34.23
6/03/2007,34.14,35.17,34.11,34.84,416300,33.72
5/03/2007,34.7,35,33.89,33.9,421400,32.81
2/03/2007,35.67,35.85,35.03,35.2,605700,34.07
1/03/2007,35.38,36.35,35.2,35.92,531200,34.77
28/02/2007,36.52,36.65,34.95,36.28,1452600,35.12
27/02/2007,37.64,37.83,35.85,36.51,441000,35.34
26/02/2007,39.51,39.55,38.05,38.47,581600,37.24
23/02/2007,39.47,39.62,38.98,39.31,263500,38.05
22/02/2007,39.09,39.5,38.9,39.36,438700,38.1
21/02/2007,38.75,39.04,38.62,38.99,190400,37.74
20/02/2007,38.12,39.1,37.92,38.95,294500,37.7
16/02/2007,37.81,38.19,37.41,38.14,255000,36.92
15/02/2007,37.91,37.92,37.58,37.81,330000,36.6
14/02/2007,37.8,38.01,37.63,37.89,246300,36.68
13/02/2007,38,38.06,37.46,37.7,373700,36.49
12/02/2007,37.66,37.96,37.4,37.8,300200,36.59
9/02/2007,37.99,38.28,37.46,37.68,496400,36.47
8/02/2007,37.45,38.54,37.34,38.05,730900,36.83
7/02/2007,36.58,37.29,36.48,37.11,399300,35.92
6/02/2007,36.51,36.74,36.35,36.51,463700,35.34
5/02/2007,35.65,36.86,35.62,36.53,668500,35.36
2/02/2007,34,35.8,34,35.75,664700,34.6
1/02/2007,35.15,35.75,35.07,35.39,999600,34.26
31/01/2007,34.91,35.67,34.8,35.32,719500,34.19
30/01/2007,34.69,34.8,34.35,34.78,773000,33.66
29/01/2007,34.1,34.69,34.01,34.53,1139200,33.42
26/01/2007,34.35,34.35,33.26,34.15,4564400,33.05
25/01/2007,35.64,36,35.3,35.48,564600,34.34
24/01/2007,34.9,35.78,34.85,35.62,402900,34.48
23/01/2007,34.56,35.06,34.51,34.83,152800,33.71
22/01/2007,35.08,35.49,34.45,34.54,212700,33.43
19/01/2007,34.74,35.24,34.56,35.17,209300,34.04
18/01/2007,33.52,34.8,33.52,34.67,397700,33.56
17/01/2007,33.5,33.92,33.5,33.55,129600,32.47
16/01/2007,33.85,34.02,33.37,33.53,128800,32.45
12/01/2007,33.56,33.99,33.39,33.64,122400,32.56
11/01/2007,32.56,33.69,32.56,33.65,142900,32.57
10/01/2007,33,33.08,32.51,32.57,117400,31.53
9/01/2007,32.66,33.14,32.34,33,194000,31.94
8/01/2007,32.94,33.01,32.62,32.65,213700,31.6
5/01/2007,32.38,33.25,32.38,32.85,212800,31.8
4/01/2007,33.2,33.5,33,33.26,216200,32.19
3/01/2007,33.53,33.94,32.78,33.25,270200,32.18
29/12/2006,33.64,33.85,33.37,33.42,155500,32.35
28/12/2006,33.38,33.77,33.2,33.64,137500,32.56
27/12/2006,33.06,33.47,33,33.37,158600,32.3
26/12/2006,32.77,33.22,32.74,32.96,153000,31.9
22/12/2006,32.95,32.98,32.66,32.78,157900,31.73
21/12/2006,32.79,33.1,32.67,33,218800,31.94
20/12/2006,32.49,33.03,32.49,32.78,136400,31.73
19/12/2006,32.61,32.61,32.3,32.48,183000,31.44
18/12/2006,32.99,33.05,32.36,32.66,125800,31.61
15/12/2006,32.93,33.23,32.51,32.85,284000,31.8
14/12/2006,33.3,33.52,32.8,32.93,428700,31.87
13/12/2006,33.6,33.61,33.14,33.18,169200,32.12
12/12/2006,34.08,34.13,33.19,33.6,212600,32.36
11/12/2006,34.3,34.32,33.88,34.07,224200,32.81
8/12/2006,34.25,34.53,34.01,34.26,114200,32.99
7/12/2006,34.29,34.73,33.95,34.35,208400,33.08
6/12/2006,34.47,34.61,34.31,34.38,103200,33.11
5/12/2006,34.88,34.9,34.46,34.6,139200,33.32
4/12/2006,34.51,34.92,34.37,34.65,134600,33.37
1/12/2006,34.65,34.81,34.17,34.4,178800,33.13
30/11/2006,35.05,35.09,34.56,34.74,150700,33.46
29/11/2006,34.65,35.16,34.56,35.1,80300,33.8
28/11/2006,34.3,34.5,33.9,34.17,85400,32.91
27/11/2006,35.56,35.56,34.2,34.32,142500,33.05
24/11/2006,35.35,35.77,35.3,35.64,36800,34.32
22/11/2006,35.73,35.9,35.25,35.43,138100,34.12
21/11/2006,35.19,35.75,35.09,35.66,131900,34.34
20/11/2006,35.06,35.5,34.93,35.14,153800,33.84
17/11/2006,35.56,35.56,35.12,35.19,70600,33.89
16/11/2006,35.85,35.85,35.5,35.56,185900,34.25
15/11/2006,35.18,35.9,35.03,35.63,292100,34.31
14/11/2006,34.35,35.02,34.2,35.02,307600,33.73
13/11/2006,34,34.39,33.93,34.25,249000,32.98
10/11/2006,34.09,34.34,34,34.1,215500,32.84
9/11/2006,34.25,34.47,33.8,34.29,318300,33.02
8/11/2006,33.1,34.89,33,34.2,495300,32.94
7/11/2006,31.75,33.25,31.75,33.25,984000,32.02
6/11/2006,30.95,31.2,30.71,31.01,77600,29.86
3/11/2006,30.5,30.98,30.47,30.77,83600,29.63
2/11/2006,30.76,30.78,30.11,30.25,105400,29.13
1/11/2006,32.2,32.2,30.69,30.74,114800,29.6
31/10/2006,32.69,32.72,31.86,32.08,115900,30.89
30/10/2006,31.9,32.57,31.88,32.55,93800,31.35
27/10/2006,32.12,32.25,31.94,32.13,115500,30.94
26/10/2006,32.22,32.24,31.8,32.22,115800,31.03
25/10/2006,31.74,32.16,31.54,32.05,88500,30.87
24/10/2006,31.75,31.97,31.66,31.86,106300,30.68
23/10/2006,31.81,32.15,31.53,31.74,66600,30.57
20/10/2006,32.81,32.81,31.77,31.85,79000,30.67
19/10/2006,32.17,32.73,32.11,32.7,93500,31.49
18/10/2006,32.6,32.87,32,32.16,108900,30.97
17/10/2006,32.07,32.49,32.03,32.4,76800,31.2
16/10/2006,32.61,32.76,32.02,32.32,149000,31.13
13/10/2006,32.65,32.84,31.91,32.7,150100,31.49
12/10/2006,32.4,32.92,32.39,32.9,149900,31.68
11/10/2006,32.57,32.75,31.8,32.15,71900,30.96
10/10/2006,32.4,32.63,32.24,32.57,55100,31.37
9/10/2006,32,32.56,31.84,32.41,34400,31.21
6/10/2006,32.2,32.52,31.96,32.19,70300,31
5/10/2006,31.6,32.57,31.56,32.42,104600,31.22
4/10/2006,30.48,31.54,30.38,31.52,83600,30.35
3/10/2006,30.52,31.02,30.33,30.69,119900,29.56
2/10/2006,30.75,31.11,30.3,30.69,101200,29.56
29/09/2006,31.23,31.38,30.78,30.83,132800,29.69
28/09/2006,31.66,31.66,30.94,31.23,84400,30.08
27/09/2006,31.05,31.54,31.05,31.41,87900,30.25
26/09/2006,30.86,31.24,30.67,31.21,102700,30.06
25/09/2006,30.47,30.96,30.12,30.85,93800,29.71
22/09/2006,30.5,30.6,30.17,30.48,115400,29.35
21/09/2006,31.17,31.25,30.29,30.55,111600,29.42
20/09/2006,29.98,31.21,29.71,30.98,249000,29.83
19/09/2006,29.77,29.77,28.95,29.73,70300,28.63
18/09/2006,29.9,30.2,29.67,29.77,121900,28.67
15/09/2006,30.03,30.1,29.72,30.1,270400,28.99
14/09/2006,29.94,30,29.58,29.8,52100,28.7
13/09/2006,29.71,30.2,29.62,30.14,60900,29.03
12/09/2006,29.06,29.83,28.83,29.78,92200,28.68
11/09/2006,29.05,29.21,28.62,28.94,60100,27.87
8/09/2006,28.92,29.3,28.84,29.12,54800,28.04
7/09/2006,29,29.29,28.7,28.93,71800,27.86
6/09/2006,29.49,29.51,28.96,29.12,113000,28.04
5/09/2006,29.69,29.87,29.58,29.76,101300,28.5
1/09/2006,29.64,29.87,29.35,29.6,55800,28.34
31/08/2006,29.95,29.95,29.61,29.61,72500,28.35
30/08/2006,29.72,29.97,29.35,29.8,61100,28.53
29/08/2006,29.32,29.68,28.94,29.64,92500,28.38
28/08/2006,28.9,29.54,28.87,29.37,88100,28.12
25/08/2006,28.87,29.02,28.64,28.89,68900,27.66
24/08/2006,29.18,29.3,28.75,28.99,78500,27.76
23/08/2006,29.71,29.86,29,29,93500,27.77
22/08/2006,29.77,29.8,29.47,29.71,44500,28.45
21/08/2006,30.3,30.3,29.71,29.77,57400,28.51
18/08/2006,30.68,30.68,29.87,30.41,44700,29.12
17/08/2006,30.45,30.75,30.35,30.55,89000,29.25
16/08/2006,30.17,30.72,29.81,30.61,71500,29.31
15/08/2006,29.5,29.95,29.35,29.93,72300,28.66
14/08/2006,29.22,29.66,29,29.01,61500,27.78
11/08/2006,29.19,29.27,28.9,28.97,57300,27.74
10/08/2006,29,29.69,28.68,29.34,86900,28.09
9/08/2006,29.71,30,29,29.04,97600,27.81
8/08/2006,29.85,30.1,29.45,29.46,143900,28.21
7/08/2006,29.72,29.84,29.44,29.69,83200,28.43
4/08/2006,30.5,30.82,29.54,29.95,103600,28.68
3/08/2006,29.5,30.44,29.29,30.29,131700,29
2/08/2006,29.55,29.98,29.33,29.75,119000,28.49
1/08/2006,29.35,29.5,28.8,29.3,113700,28.06
31/07/2006,29.3,29.73,29.02,29.6,108700,28.34
28/07/2006,28.8,29.58,28.8,29.43,82500,28.18
27/07/2006,29.27,29.74,28.57,28.65,86400,27.43
26/07/2006,29.39,29.47,29,29.02,132700,27.79
25/07/2006,29.69,29.99,29,29.51,127700,28.26
24/07/2006,28.6,29.57,28.6,29.55,168400,28.3
21/07/2006,29.07,29.07,28.16,28.4,196100,27.19
20/07/2006,30.41,30.47,29.02,29.07,146000,27.84
19/07/2006,29.49,30.5,29.49,30.31,119100,29.02
18/07/2006,29.25,29.49,28.72,29.39,110800,28.14
17/07/2006,30.06,30.16,28.88,29,187100,27.77
14/07/2006,29.25,30.52,29.17,30.17,321000,28.89
13/07/2006,29.5,29.5,28.12,28.4,110900,27.19
12/07/2006,30.42,30.5,29.45,29.59,116400,28.33
11/07/2006,29.92,30.55,29.42,30.54,105300,29.24
10/07/2006,29.8,30.16,29.8,30.02,136700,28.75
7/07/2006,30.45,30.45,29.67,29.82,89300,28.55
6/07/2006,30.56,30.71,30.3,30.63,96700,29.33
5/07/2006,30.9,30.9,30.13,30.45,151300,29.16
3/07/2006,31.26,31.34,30.92,30.99,78000,29.67
30/06/2006,30.07,31.3,29.74,31.29,335800,29.96
29/06/2006,29,29.55,28.95,29.55,421900,28.3
28/06/2006,29,29.06,28.02,28.85,247100,27.62
27/06/2006,29.29,29.79,28.55,28.81,154300,27.59
26/06/2006,29.42,29.5,29.1,29.26,176300,28.02
23/06/2006,29.18,29.41,28.79,29.17,124600,27.93
22/06/2006,29.45,29.46,28.96,29.29,119700,28.05
21/06/2006,29.43,29.9,29.27,29.61,172700,28.35
20/06/2006,28.9,29.83,28.9,29.39,180200,28.14
19/06/2006,29.19,29.19,28.49,28.84,146900,27.62
16/06/2006,29.44,29.44,28.75,29.01,541000,27.78
15/06/2006,28.4,29.55,28.4,29.44,249000,28.19
14/06/2006,27.88,28.75,27.8,28.36,178800,27.16
13/06/2006,27.44,28.17,27.3,27.63,170800,26.46
12/06/2006,28.56,28.56,27.25,27.43,143000,26.27
9/06/2006,28.93,29.14,28.6,28.65,110100,27.43
8/06/2006,28.5,29,27.5,28.93,186600,27.7
7/06/2006,28.57,29.3,28.45,28.58,86600,27.37
6/06/2006,28.94,29.12,28.13,28.73,187000,27.35
5/06/2006,29.8,29.97,28.78,28.94,163100,27.55
2/06/2006,29.9,30.07,29.28,29.96,197100,28.52
1/06/2006,29.79,30.2,29.72,30,101500,28.56
31/05/2006,29.75,30.23,29.6,29.77,176300,28.34
30/05/2006,30.6,30.61,29.5,29.75,236700,28.32
26/05/2006,30.72,30.97,30.64,30.8,85500,29.32
25/05/2006,30.3,30.82,30.2,30.62,134800,29.15
24/05/2006,29.36,30.15,28.88,30.13,122900,28.68
23/05/2006,30,30.35,29.3,29.36,82100,27.95
22/05/2006,29.6,30.05,29.14,29.78,127500,28.35
19/05/2006,29.58,30.05,28.91,29.75,122400,28.32
18/05/2006,30.68,30.96,29.62,29.62,95100,28.19
17/05/2006,31.17,31.25,30.6,30.68,116300,29.2
16/05/2006,31.29,31.68,31.14,31.42,111600,29.91
15/05/2006,31.15,31.53,30.68,31.28,168800,29.77
12/05/2006,31.62,31.62,30.39,31.4,190800,29.89
11/05/2006,33.25,33.28,31.6,31.61,151700,30.09
10/05/2006,33.7,33.89,33,33.27,64600,31.67
9/05/2006,34.02,34.1,33.76,33.77,74600,32.14
8/05/2006,33.81,34.16,33.55,34.09,73000,32.45
5/05/2006,33.69,34.11,33.69,33.8,64000,32.17
4/05/2006,33.34,33.85,33.27,33.69,71700,32.07
3/05/2006,33.43,33.52,32.88,33.34,62500,31.74
2/05/2006,32.79,33.5,32.3,33.5,83700,31.89
1/05/2006,33.66,33.76,32.81,32.84,88500,31.26
28/04/2006,33.3,33.51,33.19,33.2,71200,31.6
27/04/2006,33.6,34.35,33.31,33.44,106000,31.83
26/04/2006,33.61,34.55,33.61,34,157800,32.36
25/04/2006,33.36,33.83,32.91,33.61,150500,31.99
24/04/2006,33.88,33.96,33.26,33.42,114900,31.81
21/04/2006,35.1,35.15,33.72,33.88,133000,32.25
20/04/2006,34.75,35.1,34.1,34.28,119200,32.63
19/04/2006,33.65,35.15,33.65,34.98,283000,33.3
18/04/2006,32.3,33.99,32.25,33.65,340500,32.03
17/04/2006,33.25,33.29,32.1,32.1,176600,30.56
13/04/2006,32.37,33.5,32.25,33.31,124100,31.71
12/04/2006,32.38,32.83,32.15,32.37,119700,30.81
11/04/2006,33.17,33.4,32.21,32.36,141700,30.8
10/04/2006,33.25,33.37,32.98,33.1,139500,31.51
7/04/2006,33.98,34.14,33.23,33.34,84100,31.74
6/04/2006,34.03,34.1,33.75,33.9,55600,32.27
5/04/2006,33.75,34.06,33.65,34.03,70300,32.39
4/04/2006,33.42,34.17,33.35,33.84,86300,32.21
3/04/2006,33.97,34.23,33.34,33.47,101800,31.86
31/03/2006,33.34,33.9,33.32,33.87,106500,32.24
30/03/2006,33.41,33.68,33.05,33.29,123700,31.69
29/03/2006,33.03,33.45,32.95,33.42,120400,31.81
28/03/2006,33,33.33,32.86,33.01,67600,31.42
27/03/2006,33.5,33.57,33.06,33.14,71600,31.54
24/03/2006,33.45,33.75,33.15,33.56,97100,31.94
23/03/2006,34,34.03,33.46,33.65,165500,32.03
22/03/2006,31.82,33.12,31.79,33.1,151400,31.51
21/03/2006,32.4,32.7,31.86,31.93,84100,30.39
20/03/2006,32.79,32.79,32.48,32.57,91700,31
17/03/2006,32.4,32.82,32.11,32.79,317400,31.21
16/03/2006,31.28,32.25,31.28,32.24,140800,30.69
15/03/2006,31.15,31.25,31,31.19,225500,29.69
14/03/2006,31.11,31.31,31,31.15,135900,29.65
13/03/2006,31.3,31.57,30.99,31.11,208000,29.61
10/03/2006,31.45,31.55,31.05,31.35,163800,29.84
9/03/2006,31.54,31.95,31.43,31.49,96000,29.97
8/03/2006,31.4,31.89,31,31.54,121700,30.02
7/03/2006,31.55,31.67,31.26,31.58,107300,29.91
6/03/2006,30.98,32.03,30.98,31.62,81200,29.95
3/03/2006,31.9,32.6,31.89,31.93,73400,30.24
2/03/2006,32.35,32.36,31.85,32.15,93200,30.45
1/03/2006,32.2,32.5,32.11,32.43,105900,30.71
28/02/2006,32.57,32.67,32.12,32.25,106500,30.54
27/02/2006,32.23,32.8,32.2,32.67,77800,30.94
24/02/2006,32.19,32.2,31.81,32.1,127700,30.4
23/02/2006,32.2,32.45,31.87,32.29,121800,30.58
22/02/2006,31.42,32.49,31.34,32.2,215900,30.49
21/02/2006,31.45,31.6,30.97,31.39,91200,29.73
17/02/2006,31.12,31.65,31.11,31.45,107300,29.78
16/02/2006,31.42,31.47,31.06,31.07,96600,29.42
15/02/2006,30.9,31.38,30.75,31.37,117000,29.71
14/02/2006,30.57,31.01,30.31,30.99,150400,29.35
13/02/2006,30.5,30.72,30.27,30.5,137900,28.88
10/02/2006,30.45,30.74,30.14,30.52,137900,28.9
9/02/2006,30.27,30.81,30.25,30.51,150700,28.89
8/02/2006,29.62,30.32,29.55,30.26,264800,28.66
7/02/2006,29.89,30.09,29.51,29.51,102600,27.95
6/02/2006,29.52,29.9,29.5,29.87,81600,28.29
3/02/2006,29.55,29.88,29.53,29.55,153600,27.99
2/02/2006,29.6,29.83,29.02,29.59,224100,28.02
1/02/2006,29.9,30.16,29.52,29.8,178800,28.22
31/01/2006,28.66,30.33,28.5,29.88,366200,28.3
30/01/2006,27.95,29.21,27.92,28.61,323700,27.1
27/01/2006,27.98,28.24,27.76,27.95,261800,26.47
26/01/2006,27.31,27.77,27.31,27.74,162400,26.27
25/01/2006,27.63,27.71,27.19,27.33,95500,25.88
24/01/2006,26.9,27.77,26.89,27.69,144900,26.22
23/01/2006,26.96,27,26.68,26.85,94100,25.43
20/01/2006,27.23,27.23,26.74,27.06,103500,25.63
19/01/2006,26.68,27.25,26.58,27.09,99300,25.66
18/01/2006,26.38,26.82,26.2,26.68,111600,25.27
17/01/2006,26.85,26.85,26.37,26.48,66800,25.08
13/01/2006,26.65,26.97,26.35,26.95,69000,25.52
12/01/2006,26.5,26.64,26.38,26.62,76000,25.21
11/01/2006,26.87,26.92,26.48,26.58,157200,25.17
10/01/2006,26.33,26.95,26.16,26.87,103500,25.45
9/01/2006,26.43,26.64,26.38,26.43,68000,25.03
6/01/2006,26.19,26.56,25.87,26.4,106800,25
5/01/2006,26.1,26.22,25.89,26.07,83300,24.69
4/01/2006,25.97,26.23,25.85,26.1,70400,24.72
3/01/2006,25.87,26.1,25.1,26.03,105400,24.65
30/12/2005,25.63,25.86,24.76,25.65,109200,24.29
29/12/2005,26.19,26.19,25.71,25.71,66000,24.35
28/12/2005,25.73,26.26,25.68,26.19,57200,24.8
27/12/2005,26.25,26.37,25.63,25.63,94900,24.27
23/12/2005,25.98,26.25,25.94,26.19,26500,24.8
22/12/2005,26.14,26.3,25.91,26,40200,24.62
21/12/2005,25.6,26.21,25.56,26.06,85200,24.68
20/12/2005,25.81,26.05,25.5,25.6,70600,24.24
19/12/2005,26.24,26.24,25.6,25.75,137200,24.39
16/12/2005,26.39,26.46,26.15,26.34,291300,24.95
15/12/2005,26.69,26.97,26.19,26.32,86900,24.93
14/12/2005,26.76,27,26.53,26.77,63800,25.35
13/12/2005,26.34,26.78,26.34,26.68,79700,25.27
12/12/2005,26.71,26.76,26.33,26.39,67600,24.99
9/12/2005,26.43,26.98,26.3,26.87,65200,25.3
8/12/2005,26.5,27.02,26.26,26.38,115600,24.83
7/12/2005,26.6,26.66,26.34,26.58,87600,25.02
6/12/2005,26.55,26.95,26.54,26.67,95800,25.11
5/12/2005,26.58,26.68,26.22,26.48,101600,24.93
2/12/2005,26.35,26.86,26.26,26.56,186900,25
1/12/2005,25.89,26.71,25.89,26.51,148700,24.96
30/11/2005,25.56,25.85,25.42,25.69,202800,24.18
29/11/2005,25.33,25.57,25.2,25.41,186500,23.92
28/11/2005,25.36,25.44,25.16,25.23,94500,23.75
25/11/2005,25.4,25.47,25.25,25.38,44400,23.89
23/11/2005,25.39,25.5,25.24,25.46,99800,23.97
22/11/2005,25.28,25.54,25.18,25.39,107300,23.9
21/11/2005,25.37,25.57,25.16,25.48,68700,23.99
18/11/2005,25.5,25.66,25.22,25.35,76100,23.86
17/11/2005,24.9,25.31,24.9,25.25,56800,23.77
16/11/2005,24.93,25.02,24.61,24.76,70600,23.31
15/11/2005,25.24,25.24,24.71,24.9,86300,23.44
14/11/2005,25.27,25.4,25,25.24,57800,23.76
11/11/2005,25.38,25.6,25.2,25.22,99400,23.74
10/11/2005,25.01,25.51,24.85,25.4,106800,23.91
9/11/2005,24.9,25.43,24.9,25.01,98400,23.54
8/11/2005,24.99,25.05,24.75,24.84,109400,23.38
7/11/2005,24.95,25.07,24.73,24.94,74700,23.48
4/11/2005,24.9,24.92,24.51,24.87,99900,23.41
3/11/2005,24.96,25,24.66,24.84,116900,23.38
2/11/2005,24.2,24.79,24.07,24.76,93700,23.31
1/11/2005,24.2,24.34,23.95,24.22,86100,22.8
31/10/2005,23.55,24.48,23.55,24.3,227300,22.88
28/10/2005,23.28,23.74,23.25,23.51,178900,22.13
27/10/2005,23.93,23.93,23.19,23.25,252900,21.89
26/10/2005,24.24,24.45,23.83,24.03,201400,22.62
25/10/2005,24.4,24.43,24.06,24.3,403900,22.88
24/10/2005,24.45,24.6,24.39,24.5,241700,23.06
21/10/2005,24.41,24.6,24.19,24.35,234500,22.92
20/10/2005,25.13,25.13,24.38,24.5,145900,23.06
19/10/2005,24.6,25.24,24.42,25.13,217100,23.66
18/10/2005,25.19,25.19,24.53,24.6,151600,23.16
17/10/2005,25.35,25.35,24.85,25.19,204300,23.71
14/10/2005,24.88,25.33,24,25.33,229600,23.85
13/10/2005,23.77,24.69,23.65,24.53,162000,23.09
12/10/2005,23.4,23.86,23.4,23.77,119800,22.38
11/10/2005,24.06,24.08,23.43,23.43,71900,22.06
10/10/2005,24.9,24.9,23.91,23.91,81300,22.51
7/10/2005,23.97,24.06,23.78,23.95,196100,22.55
6/10/2005,24.4,24.64,23.61,23.82,217500,22.42
5/10/2005,24.89,24.89,24.2,24.5,273600,23.06
4/10/2005,25.46,25.53,24.76,24.89,143100,23.43
3/10/2005,25.55,25.61,25.25,25.46,124300,23.97
30/09/2005,24.94,25.42,24.93,25.35,84900,23.86
29/09/2005,24.61,25.09,24.22,25,56200,23.54
28/09/2005,24.51,24.69,24.38,24.56,87300,23.12
27/09/2005,24.41,24.65,24.25,24.47,93900,23.04
26/09/2005,24.3,24.46,24.18,24.41,103500,22.98
23/09/2005,23.34,24.11,23.25,24.1,80900,22.69
22/09/2005,23.31,23.38,22.7,23.26,84200,21.9
21/09/2005,23.69,23.78,23.3,23.33,81800,21.96
20/09/2005,24.21,24.58,23.81,23.82,62400,22.42
19/09/2005,24.47,24.53,23.9,24.16,60100,22.74
16/09/2005,24.42,24.6,24.22,24.37,281200,22.94
15/09/2005,24.64,24.73,24.17,24.29,50400,22.87
14/09/2005,25,25.01,24.6,24.64,105800,23.2
13/09/2005,24.87,25.03,24.71,25,62700,23.54
12/09/2005,24.9,25.1,24.7,24.93,88100,23.47
9/09/2005,24.9,25.09,24.86,24.97,50500,23.51
8/09/2005,25.26,25.28,24.65,24.85,70300,23.39
7/09/2005,25.26,25.4,25.15,25.3,119600,23.82
6/09/2005,25.07,25.52,25.07,25.52,119900,23.87
2/09/2005,25.16,25.16,24.9,24.92,44700,23.31
1/09/2005,24.92,25.11,24.78,25.11,133500,23.49
31/08/2005,23.7,24.7,23.6,24.67,94400,23.08
30/08/2005,23.55,23.77,23.28,23.68,58600,22.15
29/08/2005,23.29,23.69,23.22,23.55,73000,22.03
26/08/2005,23.89,23.89,23.32,23.34,64200,21.83
25/08/2005,23.77,23.96,23.73,23.87,42000,22.33
24/08/2005,23.91,24.19,23.65,23.67,90700,22.14
23/08/2005,23.89,24.03,23.5,23.91,100800,22.37
22/08/2005,23.5,23.98,23.2,23.89,167300,22.35
19/08/2005,23.55,23.65,23.39,23.4,64200,21.89
18/08/2005,23.67,23.74,23.4,23.55,59900,22.03
17/08/2005,23.56,23.98,23.35,23.77,53700,22.24
16/08/2005,24.15,24.15,23.66,23.66,68400,22.13
15/08/2005,24.03,24.4,23.96,24.22,67400,22.66
12/08/2005,24.67,24.67,24.01,24.08,63200,22.53
11/08/2005,24.31,24.92,24.26,24.77,97000,23.17
10/08/2005,24.47,24.78,24.02,24.26,63800,22.7
9/08/2005,24.28,24.46,24.22,24.27,46600,22.7
8/08/2005,24.07,24.36,24.07,24.2,115900,22.64
5/08/2005,24.35,24.35,23.85,24.04,139800,22.49
4/08/2005,24.94,24.94,24.32,24.33,58500,22.76
3/08/2005,25.21,25.21,24.9,25,66900,23.39
2/08/2005,25.07,25.34,25.07,25.31,89100,23.68
1/08/2005,25.08,25.42,25.06,25.17,154200,23.55
29/07/2005,25.25,25.38,24.87,25.04,59700,23.43
28/07/2005,25.06,25.25,24.78,25.2,163600,23.57
27/07/2005,24.9,25,24.55,24.93,75700,23.32
26/07/2005,24.53,24.91,24.52,24.9,141100,23.29
25/07/2005,24.57,24.69,24.41,24.5,97300,22.92
22/07/2005,24.5,24.81,24.5,24.55,107200,22.97
21/07/2005,24.98,24.98,24.42,24.42,118400,22.85
20/07/2005,24.75,24.96,24.61,24.83,94300,23.23
19/07/2005,24.87,25.05,24.64,24.95,121700,23.34
18/07/2005,24.81,25.14,24.58,24.64,230700,23.05
15/07/2005,25.38,25.57,24.64,24.81,224400,23.21
14/07/2005,26.2,26.21,25.76,25.86,98800,24.19
13/07/2005,25.96,26.21,25.8,26,92600,24.32
12/07/2005,26.25,26.25,25.94,25.95,90900,24.28
11/07/2005,26.15,26.47,26.01,26.25,164700,24.56
8/07/2005,25.37,26.11,25.36,26.07,73900,24.39
7/07/2005,25.42,25.67,25,25.39,68300,23.75
6/07/2005,25.95,25.95,25.22,25.41,80000,23.77
5/07/2005,24.66,25.53,24.6,25.53,122800,23.88
1/07/2005,24.47,24.83,24.34,24.76,69500,23.16
30/06/2005,25.55,25.56,24.31,24.32,127800,22.75
29/06/2005,25.25,25.46,25.17,25.4,47400,23.76
28/06/2005,24.67,25.25,24.5,25.25,86400,23.62
27/06/2005,24.59,24.65,24.34,24.65,79500,23.06
24/06/2005,24.6,24.6,23.95,24.59,189700,23
23/06/2005,25.2,25.34,24.65,24.65,149100,23.06
22/06/2005,24.99,25.3,24.7,25.3,140100,23.67
21/06/2005,25.07,25.15,24.84,24.99,219800,23.38
20/06/2005,25.42,25.45,24.97,25.02,135500,23.41
17/06/2005,25.95,25.96,25.54,25.54,206300,23.89
16/06/2005,25.62,26,25.44,25.96,50200,24.29
15/06/2005,25.72,25.72,25.26,25.7,62100,24.04
14/06/2005,25.64,25.72,25.42,25.72,55300,24.06
13/06/2005,25.5,25.74,25.35,25.64,60500,23.99
10/06/2005,25.7,25.7,25.35,25.5,80200,23.86
9/06/2005,25.61,26.01,25.45,25.85,141500,24.18
8/06/2005,25.5,25.88,25.5,25.6,72500,23.95
7/06/2005,25.65,26.06,25.29,25.48,94900,23.84
6/06/2005,25.53,25.89,25.42,25.89,36200,24.08
3/06/2005,25.65,25.74,25.51,25.61,89400,23.82
2/06/2005,25.52,25.73,25.45,25.69,65700,23.89
1/06/2005,25.1,25.7,25.1,25.56,87700,23.77
31/05/2005,25.3,25.45,25.06,25.15,85500,23.39
27/05/2005,25.2,25.6,25.14,25.45,66100,23.67
26/05/2005,25.02,25.29,25.02,25.23,59900,23.47
25/05/2005,25.07,25.17,24.8,25.01,61100,23.26
24/05/2005,25.1,25.36,24.94,25.16,72900,23.4
23/05/2005,25.25,25.45,25.1,25.14,52200,23.38
20/05/2005,25.5,25.5,25.06,25.3,37400,23.53
19/05/2005,25.4,25.58,25.22,25.5,51500,23.72
18/05/2005,24.75,25.5,24.75,25.5,94800,23.72
17/05/2005,24.58,24.61,24.4,24.54,101600,22.82
16/05/2005,24,24.59,23.81,24.59,114500,22.87
13/05/2005,24.72,24.72,24.08,24.1,165300,22.42
12/05/2005,24.35,24.8,24.35,24.8,96000,23.07
11/05/2005,24.5,24.55,24.06,24.4,104200,22.69
10/05/2005,24.9,24.98,24.4,24.57,85000,22.85
9/05/2005,25.1,25.22,24.7,25.04,77500,23.29
6/05/2005,25.2,25.37,25,25.17,101200,23.41
5/05/2005,25.17,25.35,24.78,25,102500,23.25
4/05/2005,24.76,25.2,24.76,25.17,132900,23.41
3/05/2005,25.02,25.17,24.75,24.76,61100,23.03
2/05/2005,25,25.06,24.81,25.01,95700,23.26
29/04/2005,24.92,24.99,24.5,24.9,203400,23.16
28/04/2005,24.97,24.97,24.86,24.91,159600,23.17
27/04/2005,25,25.1,24.87,24.99,129200,23.24
26/04/2005,25.16,25.82,25.02,25.02,142100,23.27
25/04/2005,25.34,25.48,24.85,25.16,121500,23.4
22/04/2005,24.95,25.23,24.67,25.23,168300,23.47
21/04/2005,24.4,25.4,24.38,24.95,118800,23.21
20/04/2005,24.76,24.79,24.29,24.41,110000,22.7
19/04/2005,25,25.03,24.25,24.81,195600,23.08
18/04/2005,24.98,25.22,24.57,24.81,141100,23.08
15/04/2005,25.47,25.57,24.75,24.75,106900,23.02
14/04/2005,26.17,26.24,25.2,25.22,116600,23.46
13/04/2005,26.42,26.5,26.01,26.17,93900,24.34
12/04/2005,25.51,26.63,25.35,26.62,125700,24.76
11/04/2005,25.9,25.94,25.3,25.51,66900,23.73
8/04/2005,26.35,26.35,26.06,26.06,87900,24.24
7/04/2005,26.1,26.51,25.79,26.43,78100,24.58
6/04/2005,26.24,26.51,26.04,26.04,105300,24.22
5/04/2005,25.37,26.31,25.37,26.23,226200,24.4
4/04/2005,25.3,25.51,25.18,25.37,120900,23.6
1/04/2005,25.91,26.15,25.18,25.38,161700,23.61
31/03/2005,25.9,26.05,25.71,25.81,127200,24.01
30/03/2005,25.41,25.91,25.41,25.91,93600,24.1
29/03/2005,25.43,25.98,25.22,25.4,116200,23.62
28/03/2005,25.63,25.9,25.37,25.46,53800,23.68
24/03/2005,25.35,26.14,25.26,25.62,73900,23.83
23/03/2005,25.61,25.61,25.25,25.25,36300,23.48
22/03/2005,25.6,25.97,25.5,25.62,66500,23.83
21/03/2005,25.55,25.8,25.37,25.79,49700,23.99
18/03/2005,25.9,25.91,25.48,25.5,178100,23.72
17/03/2005,25.81,25.81,25.58,25.65,38800,23.86
16/03/2005,26,26.09,25.65,25.78,49400,23.98
15/03/2005,26.36,26.47,26,26,92000,24.18
14/03/2005,25.85,26.29,25.81,26.26,55600,24.42
11/03/2005,25.78,26,25.6,25.79,50800,23.99
10/03/2005,25.8,25.98,25.65,25.83,83200,24.02
9/03/2005,26.21,26.21,25.75,25.8,48700,24
8/03/2005,26.1,26.5,26.1,26.2,83100,24.37
7/03/2005,26.7,26.71,26.07,26.08,75500,24.12
4/03/2005,26.3,26.73,26.29,26.7,63100,24.69
3/03/2005,26.45,26.58,26,26.24,66800,24.27
2/03/2005,26.4,26.62,26.12,26.4,63200,24.41
1/03/2005,26.15,26.45,25.91,26.31,102200,24.33
28/02/2005,26.4,26.68,25.76,26,92600,24.04
25/02/2005,26,26.4,25.89,26.4,69400,24.41
24/02/2005,25.98,26.28,25.83,26.14,75200,24.17
23/02/2005,25.7,26.1,25.67,25.96,64800,24.01
22/02/2005,26.2,26.35,25.51,25.65,94600,23.72
18/02/2005,26.45,26.66,26.15,26.3,55500,24.32
17/02/2005,26.97,26.97,26.25,26.3,51700,24.32
16/02/2005,26.75,26.91,26.53,26.9,58000,24.88
15/02/2005,27.1,27.17,26.55,26.79,50400,24.77
14/02/2005,27.08,27.22,26.8,27.22,53500,25.17
11/02/2005,26.8,27.21,26.57,27.08,62400,25.04
10/02/2005,26.54,27,26.42,26.92,100000,24.89
9/02/2005,27.35,27.4,26.47,26.47,115700,24.48
8/02/2005,27.4,27.55,27.18,27.35,100200,25.29
7/02/2005,27.61,27.76,27.26,27.4,128300,25.34
4/02/2005,27.65,27.9,27.56,27.6,99600,25.52
3/02/2005,27.7,27.8,27.25,27.65,96900,25.57
2/02/2005,27.9,27.95,27.6,27.8,98700,25.71
1/02/2005,28.1,28.35,27.88,27.98,116000,25.87
31/01/2005,27.56,28.06,27.51,28.03,148900,25.92
28/01/2005,27.25,27.51,26.95,27.31,214000,25.25
27/01/2005,26.28,26.55,26.17,26.3,82800,24.32
26/01/2005,25.85,26.26,25.8,26.26,116900,24.28
25/01/2005,26,26,25.6,25.74,89400,23.8
24/01/2005,26.2,26.26,25.4,25.6,156200,23.67
21/01/2005,26.07,26.36,26.07,26.22,142300,24.25
20/01/2005,26.15,26.19,25.95,26.07,190400,24.11
19/01/2005,26.25,26.35,26.08,26.22,110900,24.25
18/01/2005,25.95,26.29,25.78,26.19,262400,24.22
14/01/2005,25.83,26.02,25.8,25.95,106100,24
13/01/2005,26,26.09,25.69,25.82,235800,23.88
12/01/2005,26.1,26.19,25.81,25.99,184600,24.03
11/01/2005,26.35,26.44,26.05,26.1,258900,24.14
10/01/2005,26.55,26.72,26.38,26.45,233200,24.46
7/01/2005,26.75,26.8,26.47,26.55,203700,24.55
6/01/2005,26.85,27.03,26.7,26.75,173400,24.74
5/01/2005,27,27.33,26.82,26.85,274800,24.83
4/01/2005,27.15,27.46,26.83,27.02,224600,24.99
3/01/2005,27.5,27.64,27.04,27.23,223800,25.18
31/12/2004,27.52,27.66,27.39,27.53,121600,25.46
30/12/2004,27.8,27.94,27.45,27.52,110700,25.45
29/12/2004,27.85,27.91,27.57,27.75,123800,25.66
28/12/2004,27.75,27.96,27.63,27.84,95900,25.74
27/12/2004,28.17,28.17,27.38,27.71,142100,25.62
23/12/2004,28.18,28.31,28.07,28.11,90700,25.99
22/12/2004,28.1,28.24,27.98,28.08,182300,25.97
21/12/2004,27.56,28.15,27.36,28.15,398800,26.03
20/12/2004,27.9,28.07,27,27.55,145600,25.48
17/12/2004,28.12,28.15,27.85,28.08,159300,25.97
16/12/2004,28.65,28.72,27.87,28.14,189400,26.02
15/12/2004,27.98,28.75,27.85,28.75,168400,26.59
14/12/2004,27.7,28.04,27.63,28.04,131700,25.93
13/12/2004,27.48,27.73,27.31,27.73,91900,25.64
10/12/2004,27.25,27.5,27.16,27.44,71200,25.37
9/12/2004,27.5,27.6,27.33,27.48,158700,25.27
8/12/2004,27.55,27.81,27.5,27.69,130200,25.47
7/12/2004,27.63,27.96,27.43,27.48,175400,25.27
6/12/2004,27.95,28.04,27.73,27.73,68500,25.5
3/12/2004,28,28.12,27.76,28,127900,25.75
2/12/2004,28.25,28.25,27.91,28.04,104500,25.79
1/12/2004,27.56,28.4,27.5,28.25,188100,25.98
30/11/2004,27.57,27.74,27.39,27.58,209100,25.37
29/11/2004,27.4,27.93,27.26,27.62,132900,25.4
26/11/2004,27.35,27.42,27.28,27.31,25000,25.12
24/11/2004,26.97,27.42,26.88,27.31,88400,25.12
23/11/2004,27.29,27.29,26.6,26.96,334400,24.79
22/11/2004,26.9,27.22,26.8,26.99,302700,24.82
19/11/2004,27.6,27.6,27.06,27.15,143700,24.97
18/11/2004,27.67,27.73,27.41,27.6,177800,25.38
17/11/2004,26.95,28.4,26.91,27.67,388700,25.45
16/11/2004,26.01,27.13,25.98,27.13,320700,24.95
15/11/2004,25.8,26.11,25.71,26.11,215100,24.01
12/11/2004,25.7,25.72,25.45,25.69,190300,23.63
11/11/2004,25.2,25.8,25.15,25.75,245900,23.68
10/11/2004,25.45,25.45,24.6,25.13,314200,23.11
9/11/2004,24,24.57,24,24.56,123800,22.59
8/11/2004,24.23,24.26,23.81,23.95,158900,22.03
5/11/2004,24.04,24.28,23.7,24.14,106600,22.2
4/11/2004,23.8,24.21,23.61,24.05,131700,22.12
3/11/2004,23.31,23.92,23.25,23.9,105800,21.98
2/11/2004,23.52,23.6,23.02,23.14,138100,21.28
1/11/2004,23.44,23.59,23.16,23.47,89900,21.59
29/10/2004,23.53,23.6,23.14,23.43,60900,21.55
28/10/2004,23.6,23.77,23.38,23.55,69900,21.66
27/10/2004,23.64,23.76,23.38,23.65,151300,21.75
26/10/2004,23.25,23.69,22.8,23.6,256100,21.7
25/10/2004,22.85,23.28,22.79,23.25,110800,21.38
22/10/2004,23.4,23.56,22.88,22.9,86800,21.06
21/10/2004,23.43,23.47,23.13,23.44,120700,21.56
20/10/2004,22.92,23.45,22.86,23.4,244800,21.52
19/10/2004,23.12,23.26,22.72,22.97,122000,21.13
18/10/2004,23.3,23.3,22.81,23.04,272400,21.19
15/10/2004,23.1,23.51,22.65,23.17,228700,21.31
14/10/2004,23.48,23.48,23,23.04,61300,21.19
13/10/2004,23.73,23.9,23.12,23.4,82500,21.52
12/10/2004,23.88,23.97,23.44,23.63,80000,21.73
11/10/2004,23.69,23.88,23.35,23.88,55500,21.96
8/10/2004,23.65,24.05,23.6,23.62,100600,21.72
7/10/2004,24.5,24.5,23.69,23.7,115800,21.8
6/10/2004,24.25,24.6,24.15,24.5,76200,22.53
5/10/2004,24.4,24.65,24.11,24.2,95900,22.26
4/10/2004,24.3,24.73,24.3,24.48,182900,22.51
1/10/2004,23.75,24.35,23.75,24.3,174000,22.35
30/09/2004,23.75,23.86,23.5,23.66,61500,21.76
29/09/2004,22.98,23.83,22.88,23.83,119500,21.92
28/09/2004,22.52,22.98,22.5,22.91,57500,21.07
27/09/2004,22.89,22.97,22.46,22.58,106700,20.77
24/09/2004,23.3,23.55,22.99,22.99,43400,21.14
23/09/2004,23.45,23.58,23.15,23.33,44100,21.46
22/09/2004,23.72,23.87,23.36,23.36,165600,21.48
21/09/2004,23.55,23.82,23.42,23.82,95600,21.91
20/09/2004,23.41,23.64,23.26,23.62,132800,21.72
17/09/2004,23.3,23.56,23.03,23.51,143600,21.62
16/09/2004,22.82,23.19,22.82,23.13,65700,21.27
15/09/2004,22.7,22.83,22.44,22.72,47400,20.9
14/09/2004,23.2,23.2,22.58,22.67,88900,20.85
13/09/2004,23.04,23.3,22.97,23.25,67400,21.38
10/09/2004,23.05,23.14,22.67,23.04,93900,21.19
9/09/2004,22.15,23.15,22.13,23.15,130600,21.29
8/09/2004,22.49,22.81,22.07,22.07,71400,20.3
7/09/2004,22.18,22.6,22.18,22.59,53500,20.78
3/09/2004,22.39,22.39,22.06,22.27,39700,20.35
2/09/2004,22.28,22.39,21.97,22.39,54000,20.46
1/09/2004,22.18,22.25,21.89,22.18,51600,20.27
31/08/2004,22.13,22.37,21.89,22.2,42200,20.29
30/08/2004,22.25,22.28,22,22.03,50900,20.13
27/08/2004,22.05,22.25,21.97,22.15,34200,20.24
26/08/2004,22.19,22.46,22.08,22.09,79500,20.19
25/08/2004,21.84,22.2,21.65,22.2,45900,20.29
24/08/2004,21.91,21.91,21.57,21.87,40100,19.99
23/08/2004,22.18,22.19,21.66,21.81,68300,19.93
20/08/2004,21.86,22.15,21.75,22.15,81000,20.24
19/08/2004,22.09,22.22,21.8,21.9,61300,20.01
18/08/2004,21.5,22.23,21.45,22.21,94300,20.3
17/08/2004,21.97,22.09,21.52,21.53,100500,19.68
16/08/2004,21.83,22.18,21.82,21.94,61800,20.05
13/08/2004,22,22.2,21.72,21.88,44900,20
12/08/2004,22.53,22.53,21.81,22.01,44700,20.12
11/08/2004,22.03,22.66,21.32,22.61,93900,20.66
10/08/2004,21.62,22.15,21.6,22.13,43600,20.22
9/08/2004,21.8,21.96,21.45,21.66,51900,19.8
6/08/2004,22.5,22.5,21.7,21.72,77800,19.85
5/08/2004,22.7,22.79,22.5,22.53,104300,20.59
4/08/2004,22.68,22.92,22.55,22.76,95600,20.8
3/08/2004,23,23,22.7,22.71,46800,20.75
2/08/2004,22.78,23.16,22.65,22.98,60300,21
30/07/2004,22.88,22.92,22.66,22.88,53300,20.91
29/07/2004,22.64,22.99,22.52,22.98,54500,21
28/07/2004,22.75,22.84,22.4,22.74,55800,20.78
27/07/2004,22.2,22.86,21.95,22.85,142300,20.88
26/07/2004,22.35,22.75,22.1,22.26,66800,20.34
23/07/2004,22.9,22.9,22.22,22.22,133800,20.31
22/07/2004,22.5,23.53,22.5,23.05,96300,21.07
21/07/2004,23.9,23.9,22.53,22.53,85100,20.59
20/07/2004,23.43,23.95,23.4,23.91,115100,21.85
19/07/2004,23.11,23.45,22.96,23.38,90000,21.37
16/07/2004,23,23.11,22.54,23.01,172900,21.03
15/07/2004,22.21,22.47,21.99,22.23,65300,20.32
14/07/2004,21.9,22.35,21.75,22.21,106900,20.3
13/07/2004,21.75,22.42,21.75,21.95,73000,20.06
12/07/2004,21.93,21.96,21.55,21.7,58900,19.83
9/07/2004,21.56,22.19,21.56,21.92,61900,20.03
8/07/2004,22.28,22.29,21.44,21.45,100600,19.6
7/07/2004,22.05,22.43,21.75,22.08,122800,20.18
6/07/2004,22.75,22.85,22,22,76500,20.11
2/07/2004,23,23.03,22.76,22.78,27300,20.82
1/07/2004,23.32,23.38,22.89,22.91,52100,20.94
30/06/2004,23.05,23.44,23.05,23.35,91100,21.34
29/06/2004,23.03,23.49,22.87,23,175900,21.02
28/06/2004,22.8,23.09,22.77,22.88,67400,20.91
25/06/2004,22.55,22.94,22.55,22.86,79100,20.89
24/06/2004,22.85,22.89,22.45,22.48,77200,20.54
23/06/2004,22.8,22.89,22.59,22.85,63500,20.88
22/06/2004,22.46,22.86,22.2,22.86,113200,20.89
21/06/2004,22.48,22.77,22.4,22.43,53700,20.5
18/06/2004,22.85,22.99,22.44,22.44,109000,20.51
17/06/2004,22.8,23.04,22.51,22.79,61600,20.83
16/06/2004,23,23,22.49,22.71,67100,20.75
15/06/2004,22.25,22.9,22.25,22.89,81000,20.92
14/06/2004,22.2,22.49,22.15,22.15,86800,20.24
10/06/2004,22.38,22.84,22.26,22.38,97500,20.45
9/06/2004,22.77,22.88,22.27,22.39,100800,20.46
8/06/2004,22.52,22.98,22.45,22.77,93100,20.81
7/06/2004,22.5,22.55,22.44,22.5,68000,20.56
4/06/2004,22.45,22.84,22.45,22.54,123900,20.47
3/06/2004,23.03,23.03,22.31,22.31,137700,20.26
2/06/2004,23.09,23.15,22.91,23,96500,20.89
1/06/2004,23.08,23.68,22.99,23.09,119700,20.97
28/05/2004,23.1,23.25,23.05,23.16,58300,21.03
27/05/2004,23.08,23.35,22.98,23.18,42200,21.05
26/05/2004,23.21,23.21,22.9,23.08,110700,20.96
25/05/2004,22.95,23.34,22.78,23.31,106200,21.17
24/05/2004,23.2,23.54,22.83,23.07,79200,20.95
21/05/2004,22.95,23.19,22.71,23.11,83300,20.99
20/05/2004,22.16,22.9,22.08,22.8,102600,20.71
19/05/2004,22.3,22.5,21.99,22.11,98600,20.08
18/05/2004,22.05,22.48,22.03,22.09,87800,20.06
17/05/2004,22.61,22.61,21.9,22.04,86600,20.02
14/05/2004,22.52,22.95,22.15,22.71,51200,20.63
13/05/2004,23.05,23.05,22.24,22.51,81800,20.44
12/05/2004,22.98,23,22.25,22.96,78800,20.85
11/05/2004,22.65,23.14,22.56,23.03,41300,20.92
10/05/2004,23.38,23.38,22.5,22.5,101700,20.44
7/05/2004,23.4,23.7,23.36,23.38,117600,21.23
6/05/2004,23.5,23.72,23.45,23.52,109700,21.36
5/05/2004,23.45,23.67,23.19,23.5,109500,21.34
4/05/2004,22.9,23.56,22.84,23.33,73500,21.19
3/05/2004,22.55,23.3,22.55,22.92,77000,20.82
30/04/2004,23.1,23.18,22.51,22.58,116700,20.51
29/04/2004,23.07,23.5,22.64,23,116800,20.89
28/04/2004,23.55,23.55,23.01,23.07,86100,20.95
27/04/2004,23.4,23.8,23.28,23.6,89900,21.43
26/04/2004,23.53,23.9,23.31,23.4,79100,21.25
23/04/2004,23.65,23.65,23.4,23.53,67500,21.37
22/04/2004,23.33,23.78,23.33,23.65,84600,21.48
21/04/2004,22.6,23.34,22.52,23.33,55800,21.19
20/04/2004,22.79,23.35,22.46,22.52,101600,20.45
19/04/2004,22.75,22.9,22.5,22.69,91000,20.61
16/04/2004,23,23.5,22.69,22.75,121400,20.66
15/04/2004,22.91,23.15,22.82,23,74200,20.89
14/04/2004,23.12,23.2,22.59,22.9,43400,20.8
13/04/2004,23.85,23.9,23,23.22,62000,21.09
12/04/2004,23.4,24.04,23.4,23.7,48700,21.53
8/04/2004,24.21,24.21,23.32,23.32,78400,21.18
7/04/2004,23.4,23.97,23.18,23.96,59600,21.76
6/04/2004,24,24.12,23.36,23.36,79300,21.22
5/04/2004,23.82,24.16,23.61,24.1,72200,21.89
2/04/2004,23.47,23.75,23.4,23.75,77800,21.57
1/04/2004,23.05,23.56,23.01,23.27,109300,21.13
31/03/2004,23.18,23.25,22.78,22.98,103100,20.87
30/03/2004,22.99,23.14,22.95,23.08,68400,20.96
29/03/2004,22.7,23.15,22.69,22.99,74100,20.88
26/03/2004,22.85,23.04,22.55,22.55,68200,20.48
25/03/2004,22.98,23.07,22.5,22.73,121300,20.64
24/03/2004,23,23.03,22.44,22.91,56500,20.81
23/03/2004,22.5,22.84,22.45,22.65,47600,20.57
22/03/2004,22.78,22.78,22.19,22.4,82700,20.34
19/03/2004,23.45,23.45,22.7,22.7,53000,20.62
18/03/2004,23.37,23.55,22.18,23.3,86900,21.16
17/03/2004,23.2,23.46,22.79,23.37,49400,21.23
16/03/2004,23.48,23.66,22.87,23.05,71700,20.93
15/03/2004,23.46,23.48,23.15,23.38,83800,21.23
12/03/2004,23.09,23.46,22.4,23.46,104900,21.31
11/03/2004,22.75,23.47,22.7,23.08,98700,20.96
10/03/2004,23.3,23.68,22.7,22.89,82100,20.79
9/03/2004,23.9,23.9,23.29,23.29,96700,21.15
8/03/2004,24.45,24.45,23.75,23.85,136200,21.66
5/03/2004,24.25,24.65,24.2,24.65,77300,22.26
4/03/2004,23.87,24.3,23.51,24.3,62800,21.94
3/03/2004,23.67,23.95,23.52,23.87,47800,21.56
2/03/2004,23.9,23.9,23.61,23.67,44300,21.38
1/03/2004,23.25,23.87,23.25,23.87,77900,21.56
27/02/2004,23.62,23.75,23.18,23.25,50000,21
26/02/2004,23.65,23.92,23.4,23.62,62000,21.33
25/02/2004,23.45,23.65,23.17,23.65,46300,21.36
24/02/2004,23.62,23.83,23.01,23.49,68800,21.21
23/02/2004,23.58,23.75,23.35,23.67,71400,21.38
20/02/2004,23.88,23.95,23.3,23.48,53700,21.2
19/02/2004,24.32,24.37,23.88,23.88,54200,21.57
18/02/2004,24.19,24.41,23.96,24.4,69000,22.03
17/02/2004,23.85,24.35,23.85,24.09,51500,21.76
13/02/2004,24.45,24.5,23.57,23.8,118300,21.49
12/02/2004,24.35,24.42,24.01,24.15,109700,21.81
11/02/2004,24.2,24.7,24.17,24.51,65200,22.13
10/02/2004,23.58,24.27,23.58,24.27,66100,21.92
9/02/2004,23.95,23.95,23.4,23.6,108800,21.31
6/02/2004,23.05,23.98,23.01,23.98,130400,21.66
5/02/2004,22.95,23.16,22.95,22.99,70300,20.76
4/02/2004,23.2,23.2,22.95,22.95,124300,20.73
3/02/2004,23.13,23.3,23.08,23.2,110000,20.95
2/02/2004,23.32,23.59,23.06,23.15,131000,20.91
30/01/2004,23.11,23.55,23.05,23.26,83900,21.01
29/01/2004,23.05,23.2,22.82,23.1,96200,20.86
28/01/2004,23.05,23.18,22.81,23,97300,20.77
27/01/2004,23.6,23.66,23.08,23.15,69000,20.91
26/01/2004,23.55,23.8,23.31,23.8,57700,21.49
23/01/2004,23.7,23.7,23.13,23.64,70500,21.35
22/01/2004,23.7,23.82,23.4,23.64,80600,21.35
21/01/2004,23.98,24,23.6,23.8,86300,21.49
20/01/2004,23.7,24.03,23.6,24.03,84200,21.7
16/01/2004,23.98,24,23.6,23.76,48200,21.46
15/01/2004,23.7,23.96,23.49,23.93,53300,21.61
14/01/2004,23.73,23.96,23.56,23.65,56800,21.36
13/01/2004,23.75,23.76,23.15,23.75,70200,21.45
12/01/2004,23.35,23.75,23.27,23.75,57900,21.45
9/01/2004,23.6,23.6,23.3,23.35,171100,21.09
8/01/2004,23.7,23.99,23.59,23.59,76400,21.3
7/01/2004,23.6,23.7,23.48,23.66,53200,21.37
6/01/2004,23.8,23.86,23.46,23.6,187700,21.31
5/01/2004,23.2,23.86,23.2,23.86,350400,21.55
2/01/2004,22.95,23.25,22.95,23.21,103400,20.96
31/12/2003,23.2,23.2,22.7,22.85,181700,20.64
30/12/2003,22.88,23.29,22.88,23.2,115700,20.95
29/12/2003,22.7,23.13,22.7,22.94,69000,20.72
26/12/2003,22.56,22.71,22.56,22.64,33700,20.45
24/12/2003,23.05,23.14,22.56,22.56,24100,20.37
23/12/2003,22.45,23.1,22.45,23.1,111900,20.86
22/12/2003,22,22.45,21.93,22.45,80600,20.27
19/12/2003,22.18,22.2,21.78,22.2,55700,20.05
18/12/2003,21.75,22.18,21.64,22.18,66500,20.03
17/12/2003,21.9,21.97,21.51,21.8,55100,19.69
16/12/2003,21.6,21.78,21.35,21.5,40600,19.42
15/12/2003,22.05,22.25,21.78,21.78,58600,19.67
12/12/2003,21.85,22.09,21.56,22.09,56900,19.95
11/12/2003,21.05,21.84,20.9,21.77,74500,19.66
10/12/2003,21,21.4,20.8,21.06,85300,18.89
9/12/2003,21.58,21.67,20.96,20.96,70600,18.8
8/12/2003,21.5,21.77,21.1,21.58,82900,19.36
5/12/2003,21.68,21.85,21.4,21.4,54400,19.2
4/12/2003,21.54,21.9,21.42,21.65,61100,19.42
3/12/2003,22.13,22.43,21.52,21.52,102100,19.3
2/12/2003,22.38,22.4,22,22.03,39900,19.76
1/12/2003,21.78,22.35,21.78,22.33,40800,20.03
28/11/2003,21.95,22.17,21.7,21.7,23700,19.47
26/11/2003,22.2,22.3,21.74,22,50500,19.74
25/11/2003,21.9,22.25,21.87,22.2,97100,19.91
24/11/2003,21.1,21.9,21.08,21.9,92300,19.65
21/11/2003,21,21.14,20.73,21.1,48200,18.93
20/11/2003,20.91,21.19,20.51,20.92,79100,18.77
19/11/2003,20.85,21.17,20.65,20.9,60800,18.75
18/11/2003,20.93,21.3,20.79,20.9,68500,18.75
17/11/2003,21.08,21.08,20.55,20.83,74800,18.69
14/11/2003,21.35,21.61,21.14,21.14,77600,18.96
13/11/2003,21.1,21.59,21.07,21.4,83500,19.2
12/11/2003,20.72,21.2,20.7,21,120300,18.84
11/11/2003,20.95,20.95,20.65,20.68,57900,18.55
10/11/2003,21.35,21.41,20.92,20.94,53600,18.78
7/11/2003,21.3,21.4,21.2,21.35,93900,19.15
6/11/2003,21.1,21.25,20.95,21.25,60000,19.06
5/11/2003,21.28,21.39,20.88,21.19,103100,19.01
4/11/2003,21.62,21.8,21.21,21.3,129800,19.11
3/11/2003,21.3,21.9,21.3,21.69,98200,19.46
31/10/2003,21.25,21.45,21.23,21.3,53900,19.11
30/10/2003,21.5,21.62,21.2,21.2,57600,19.02
29/10/2003,21,21.46,21,21.45,79300,19.24
28/10/2003,20.9,21.18,20.8,21.1,120800,18.93
27/10/2003,20.45,20.9,20.45,20.85,77800,18.7
24/10/2003,20.43,20.53,20.02,20.39,135500,18.29
23/10/2003,20.55,20.72,20.35,20.41,75700,18.31
22/10/2003,21.04,21.06,20.63,20.63,67100,18.51
21/10/2003,21.46,21.51,21.06,21.14,50500,18.96
20/10/2003,21.55,21.6,21.25,21.56,45700,19.34
17/10/2003,21.6,21.79,21.48,21.51,58800,19.3
16/10/2003,21.7,21.7,21.22,21.54,73000,19.32
15/10/2003,22.14,22.14,21.55,21.7,90400,19.47
14/10/2003,22.27,22.27,21.8,22.04,89800,19.77
13/10/2003,21.99,22.32,21.6,22.17,59700,19.89
10/10/2003,21.93,22.15,21.6,21.98,71600,19.72
9/10/2003,22.2,22.59,21.5,21.93,146900,19.67
8/10/2003,22.5,22.5,22.02,22.12,51300,19.84
7/10/2003,22.1,22.5,22.05,22.5,45200,20.18
6/10/2003,22.15,22.3,22,22.15,90000,19.87
3/10/2003,21.9,22.6,21.89,22.15,59700,19.87
2/10/2003,21.83,22.3,21.7,21.87,65700,19.62
1/10/2003,21.14,22,21.08,21.93,107600,19.67
30/09/2003,21.01,21.19,20.55,21.11,140900,18.94
29/09/2003,19.97,21.02,19.65,21.02,132000,18.86
26/09/2003,20.6,20.62,19.9,19.9,76500,17.85
25/09/2003,21.18,21.2,20.6,20.6,109400,18.48
24/09/2003,22,22.12,21.15,21.16,48200,18.98
23/09/2003,21.75,22.16,21.75,22.03,38800,19.76
22/09/2003,21.98,21.98,21.62,21.71,80600,19.48
19/09/2003,21.96,22.23,21.96,22.02,54300,19.75
18/09/2003,21.68,22,21.61,21.97,75000,19.71
17/09/2003,21.7,21.7,21.55,21.63,26300,19.4
16/09/2003,21.52,21.7,21.52,21.68,51600,19.45
15/09/2003,21.65,21.87,21.38,21.47,42500,19.26
12/09/2003,22,22,21.11,21.75,41700,19.51
11/09/2003,21.42,22,21.42,22,75200,19.74
10/09/2003,22.03,22.05,21.3,21.32,47200,19.13
9/09/2003,22.3,22.3,22.07,22.18,33600,19.9
8/09/2003,22.15,22.37,22.1,22.3,51700,20
5/09/2003,22.45,22.58,22.03,22.15,69500,19.87
4/09/2003,22.5,22.65,22.35,22.62,81000,20.18
3/09/2003,22.9,22.98,22.67,22.73,71800,20.27
2/09/2003,22.28,22.9,22.28,22.87,83800,20.4
29/08/2003,22.38,22.4,22.22,22.22,89400,19.82
28/08/2003,22.43,22.49,22.2,22.45,45500,20.02
27/08/2003,22.6,22.65,22.4,22.42,121000,20
26/08/2003,22.5,22.65,21.91,22.6,46600,20.16
25/08/2003,22.38,22.71,22.38,22.47,99800,20.04
22/08/2003,22.9,22.99,22.2,22.31,80300,19.9
21/08/2003,22.77,22.99,22.77,22.83,62400,20.36
20/08/2003,22.5,22.77,22.46,22.77,109500,20.31
19/08/2003,21.95,22.5,21.86,22.42,86300,20
18/08/2003,21.9,22.09,21.85,21.92,108900,19.55
15/08/2003,21.7,22.05,21.7,21.8,69600,19.44
14/08/2003,21.27,21.63,21.12,21.63,70600,19.29
13/08/2003,21.23,21.27,20.98,21.27,52800,18.97
12/08/2003,20.79,21.25,20.7,21.25,61100,18.95
11/08/2003,20.5,20.94,20.48,20.78,56000,18.53
8/08/2003,20.6,20.64,20.35,20.44,46600,18.23
7/08/2003,20.35,20.63,20.25,20.63,68800,18.4
6/08/2003,20.39,20.53,20.3,20.4,47700,18.2
5/08/2003,20.6,20.6,20.23,20.4,159600,18.2
4/08/2003,20.66,20.7,20.42,20.5,87300,18.28
1/08/2003,20.73,20.85,20.45,20.7,66900,18.46
31/07/2003,20.5,21,20.4,20.75,82800,18.51
30/07/2003,20.23,20.45,20.07,20.45,87400,18.24
29/07/2003,20.45,20.55,20.2,20.23,54100,18.04
28/07/2003,20.3,20.44,20.23,20.4,53400,18.2
25/07/2003,20.15,20.55,20.1,20.35,86200,18.15
24/07/2003,19.55,20.1,19.53,20.09,116100,17.92
23/07/2003,19.7,19.7,19.09,19.5,94800,17.39
22/07/2003,19.55,19.8,19.5,19.7,97000,17.57
21/07/2003,19.7,19.7,19.46,19.5,95800,17.39
18/07/2003,19.62,19.75,19.57,19.7,127600,17.57
17/07/2003,19.99,19.99,19.75,19.76,87200,17.62
16/07/2003,20.25,20.34,19.85,19.98,85300,17.82
15/07/2003,20.99,20.99,20.18,20.2,84000,18.02
14/07/2003,20.8,21.4,20.77,20.98,79600,18.71
11/07/2003,21.2,21.53,20.6,20.7,154900,18.46
10/07/2003,21.55,21.55,21.15,21.4,66600,19.09
9/07/2003,21.79,21.81,21.24,21.6,86000,19.27
8/07/2003,21.55,21.89,21.47,21.89,74400,19.52
7/07/2003,20.75,21.41,20.75,21.41,85300,19.1
3/07/2003,20.67,20.67,20.45,20.65,48200,18.42
2/07/2003,20.45,20.75,20.45,20.65,95300,18.42
1/07/2003,20.55,20.55,20.3,20.44,181100,18.23
30/06/2003,20.44,20.78,20.42,20.6,142800,18.37
27/06/2003,20.58,20.71,20.35,20.42,104200,18.21
26/06/2003,20.54,20.82,20.5,20.57,75200,18.35
25/06/2003,20.47,20.65,20.47,20.5,99000,18.28
24/06/2003,20.53,20.68,20.35,20.5,82900,18.28
23/06/2003,21,21.02,20.41,20.53,63400,18.31
20/06/2003,21.25,21.35,20.94,20.94,171600,18.68
19/06/2003,21.65,21.65,21.2,21.29,93700,18.99
18/06/2003,21.75,21.84,21.62,21.68,86400,19.34
17/06/2003,22.25,22.28,21.55,21.75,106300,19.4
16/06/2003,21.99,22.15,21.65,22.15,104400,19.76
13/06/2003,22.76,22.8,21.98,21.98,75800,19.6
12/06/2003,22.48,22.79,22.45,22.79,42100,20.33
11/06/2003,22.4,22.73,22.3,22.64,45200,20.19
10/06/2003,22.3,22.55,22.11,22.5,48300,20.07
9/06/2003,22.46,22.63,22.28,22.29,41800,19.88
6/06/2003,22.63,23,22.5,22.5,55400,20.07
5/06/2003,22.7,22.8,22.56,22.66,42200,20.21
4/06/2003,22.65,22.94,22.61,22.83,52300,20.25
3/06/2003,22.62,22.69,22.43,22.65,44300,20.09
2/06/2003,22.45,22.82,22.45,22.61,83700,20.05
30/05/2003,22.7,22.8,22.45,22.5,87600,19.95
29/05/2003,22.31,22.72,22.31,22.66,113700,20.1
28/05/2003,22.3,22.46,22.23,22.31,56300,19.79
27/05/2003,21.65,22.25,21.65,22.23,68800,19.71
23/05/2003,21.35,21.74,21.28,21.65,74800,19.2
22/05/2003,21.44,21.44,21.2,21.38,44800,18.96
21/05/2003,21.4,21.59,21.2,21.44,35000,19.01
20/05/2003,21.84,21.84,21.1,21.42,104500,19
19/05/2003,21.66,21.94,21.04,21.8,72700,19.33
16/05/2003,21.95,22.13,21.65,21.65,97900,19.2
15/05/2003,22.01,22.05,21.81,22,44000,19.51
14/05/2003,22.43,22.7,21.9,21.91,90000,19.43
13/05/2003,22.28,22.61,22.15,22.43,57900,19.89
12/05/2003,22.15,22.44,22,22.21,43600,19.7
9/05/2003,21.9,22.35,21.84,22.2,45900,19.69
8/05/2003,21.95,22.04,21.75,21.88,51300,19.4
7/05/2003,22.55,22.55,22,22,108000,19.51
6/05/2003,22.31,22.88,22.3,22.65,93700,20.09
5/05/2003,22.38,22.4,22.09,22.31,44300,19.79
2/05/2003,21.8,22.57,21.8,22.38,124300,19.85
1/05/2003,22.18,22.19,21.55,21.73,57400,19.27
30/04/2003,21.95,22.24,21.8,22.24,64800,19.72
29/04/2003,22,22.05,21.87,21.92,64500,19.44
28/04/2003,21.9,22.06,21.9,21.99,180900,19.5
25/04/2003,21.86,21.99,21.81,21.84,76300,19.37
24/04/2003,21.89,22,21.73,21.86,53900,19.39
23/04/2003,21.99,22,21.87,21.93,65400,19.45
22/04/2003,21.78,22.2,21.6,21.99,75200,19.5
21/04/2003,21.91,22.01,21.45,21.78,98800,19.32
17/04/2003,21.8,22.05,21.8,21.9,128600,19.42
16/04/2003,22.62,22.62,21.61,21.71,118800,19.25
15/04/2003,22.18,22.65,22.05,22.62,140000,20.06
14/04/2003,22.27,22.38,21.95,22.18,144000,19.67
11/04/2003,22.3,22.45,22.15,22.27,87500,19.75
10/04/2003,22.3,22.49,22.19,22.19,84700,19.68
9/04/2003,22.25,22.5,22.1,22.33,107400,19.8
8/04/2003,22.26,22.29,22,22.26,83800,19.74
7/04/2003,22.1,22.45,22.1,22.28,88100,19.76
4/04/2003,21.98,22.1,21.89,21.97,60300,19.48
3/04/2003,22.24,22.24,21.83,21.89,69300,19.41
2/04/2003,21.8,22.24,21.8,22.24,90700,19.72
1/04/2003,21.47,21.7,21.25,21.7,48000,19.24
31/03/2003,21.2,21.79,20.76,21.4,125500,18.98
28/03/2003,21.4,21.44,21.1,21.28,88700,18.87
27/03/2003,21.41,21.52,21.15,21.43,55300,19
26/03/2003,22.05,22.05,21.5,21.51,72800,19.08
25/03/2003,22.08,22.14,21.85,22.04,120200,19.55
24/03/2003,22.05,22.24,21.79,22.08,83500,19.58
21/03/2003,22,22.2,21.88,22.2,146000,19.69
20/03/2003,22,22.09,21.75,22.09,116800,19.59
19/03/2003,22,22.07,21.78,22,79700,19.51
18/03/2003,22,22.13,21.9,22.1,164800,19.6
17/03/2003,22.1,22.22,21.95,22,209900,19.51
14/03/2003,21.79,22.16,21.56,22.14,151200,19.63
13/03/2003,21.13,21.79,21.13,21.79,97400,19.32
12/03/2003,21.05,21.29,20.98,21.01,241500,18.63
11/03/2003,20.88,21.06,20.86,21.05,101900,18.67
10/03/2003,21.2,21.24,20.9,20.93,74800,18.56
7/03/2003,21.4,21.4,21.06,21.2,79500,18.8
6/03/2003,21.5,21.7,21.36,21.4,220400,18.98
5/03/2003,21.85,21.89,21.65,21.8,212200,19.22
4/03/2003,21.71,21.94,21.59,21.88,186800,19.29
3/03/2003,22.04,22.08,21.51,21.7,147500,19.13
28/02/2003,21.35,22.01,21.3,22,158400,19.39
27/02/2003,21.05,21.49,20.75,21.38,220900,18.85
26/02/2003,21.31,21.55,21,21.1,181400,18.6
25/02/2003,20.7,21.35,20.6,21.31,171600,18.79
24/02/2003,20.86,20.91,20.6,20.74,88200,18.28
21/02/2003,20.65,20.99,20.6,20.86,99900,18.39
20/02/2003,20.41,20.8,20.35,20.75,68700,18.29
19/02/2003,20.05,20.55,20.05,20.41,110100,17.99
18/02/2003,20.61,20.75,19.83,20.1,187900,17.72
14/02/2003,18.6,20.61,18.6,20.61,279500,18.17
13/02/2003,18.95,18.95,18.45,18.65,92700,16.44
12/02/2003,19,19.08,18.92,18.99,72300,16.74
11/02/2003,18.9,19.27,18.85,19.07,80400,16.81
10/02/2003,18.72,19,18.65,18.95,35600,16.71
7/02/2003,18.8,18.8,18.66,18.69,48100,16.48
6/02/2003,18.83,19.07,18.75,18.8,55000,16.57
5/02/2003,18.88,19.36,18.7,18.83,99200,16.6
4/02/2003,19.05,19.05,18.65,18.88,54900,16.64
3/02/2003,19.15,19.2,18.95,19.05,56900,16.79
31/01/2003,18.7,19.33,18.7,19.14,114200,16.87
30/01/2003,19.24,19.25,18.4,18.46,99200,16.27
29/01/2003,18.9,19.33,18.52,19.24,79100,16.96
28/01/2003,18.6,19.09,18.55,19,119600,16.75
27/01/2003,18.95,19,18.55,18.55,63500,16.35
24/01/2003,19.7,19.7,18.9,18.96,58000,16.71
23/01/2003,19.55,19.8,19.35,19.75,24300,17.41
22/01/2003,19.81,19.81,19.49,19.49,46500,17.18
21/01/2003,20,20.15,19.8,19.81,68800,17.46
17/01/2003,20.1,20.14,19.78,19.95,65700,17.59
16/01/2003,20.63,20.74,20.06,20.2,48300,17.81
15/01/2003,20.7,20.75,20.31,20.62,60700,18.18
14/01/2003,20.64,20.71,20.57,20.66,42500,18.21
13/01/2003,20.55,20.7,20.25,20.65,60100,18.2
10/01/2003,20.5,20.64,20.35,20.49,37700,18.06
9/01/2003,20.45,20.71,20.44,20.5,80600,18.07
8/01/2003,20.51,20.51,20.1,20.4,40400,17.98
7/01/2003,20.45,20.6,20.28,20.51,63000,18.08
6/01/2003,20.68,20.7,20.25,20.45,44200,18.03
3/01/2003,20.2,20.66,19.92,20.65,79700,18.2
2/01/2003,19.75,20.19,17.98,20.15,304200,17.76
31/12/2002,19.7,20.15,19.7,19.75,67200,17.41
30/12/2002,20,20.05,19.65,19.87,39800,17.52
27/12/2002,20.53,20.53,19.89,19.92,48100,17.56
26/12/2002,20.6,20.72,20.5,20.55,38300,18.12
24/12/2002,20.6,20.69,20.5,20.53,17700,18.1
23/12/2002,20.73,20.86,20.6,20.7,55600,18.25
20/12/2002,20.3,20.8,20.29,20.75,102300,18.29
19/12/2002,20.28,20.79,20.15,20.18,75800,17.79
18/12/2002,20.3,20.47,20.17,20.27,73200,17.87
17/12/2002,20.28,20.5,20.19,20.28,54300,17.88
16/12/2002,19.7,20.29,19.7,20.29,82400,17.89
13/12/2002,19.95,19.95,19.58,19.6,70100,17.28
12/12/2002,20,20.05,19.8,19.99,35000,17.62
11/12/2002,20.35,20.55,19.9,19.98,62100,17.61
10/12/2002,19.82,20.62,19.82,20.55,83100,18
9/12/2002,20.1,20.16,19.7,19.8,112200,17.34
6/12/2002,19.8,20.3,19.65,20.1,64000,17.61
5/12/2002,20,20.05,19.68,19.87,49800,17.41
4/12/2002,19.7,20.17,19.64,19.95,68100,17.48
3/12/2002,19.9,19.95,19.5,19.7,73800,17.26
2/12/2002,19.48,20.2,19.48,20,67500,17.52
29/11/2002,20.2,20.25,19.45,19.45,38100,17.04
27/11/2002,19.47,20.1,19.47,20.1,75100,17.61
26/11/2002,19.9,19.9,19.38,19.44,53400,17.03
25/11/2002,19.49,20.05,19.49,19.96,58000,17.48
22/11/2002,19.3,19.59,19.2,19.45,53200,17.04
21/11/2002,18.95,19.35,18.91,19.34,64500,16.94
20/11/2002,18.3,18.89,18.3,18.89,54100,16.55
19/11/2002,18.66,18.82,18.22,18.3,72500,16.03
18/11/2002,18.92,19.04,18.56,18.65,48200,16.34
15/11/2002,19,19.25,18.83,18.9,51100,16.56
14/11/2002,18.4,19,18.35,19,129200,16.64
13/11/2002,18.42,18.42,18,18.32,105100,16.05
12/11/2002,18.21,18.76,18.21,18.44,89200,16.15
11/11/2002,19.1,19.1,18.11,18.2,82300,15.94
8/11/2002,19.39,19.45,18.7,19.09,52500,16.72
7/11/2002,19.85,19.9,19.3,19.39,63200,16.99
6/11/2002,19.8,20.1,19.74,19.98,76200,17.5
5/11/2002,19.64,19.8,19.4,19.8,39900,17.34
4/11/2002,19.4,20.1,19.4,19.65,83700,17.21
1/11/2002,18.8,19.3,17.7,19.3,165800,16.91
31/10/2002,19.41,19.75,18.7,18.81,95700,16.48
30/10/2002,18.7,19.65,18.7,19.51,84300,17.09
29/10/2002,18.9,18.9,18.45,18.66,62300,16.35
28/10/2002,18.84,19.15,18.75,18.95,36600,16.6
25/10/2002,18.75,18.82,18.4,18.81,80800,16.48
24/10/2002,19.48,19.7,18.73,18.8,66400,16.47
23/10/2002,19.09,19.45,18.75,19.45,53000,17.04
22/10/2002,19.6,19.6,18.88,19.12,49300,16.75
21/10/2002,19.07,19.65,18.86,19.6,62000,17.17
18/10/2002,19.4,19.55,18.97,19.1,129300,16.73
17/10/2002,18.6,19.3,18.6,19.3,44400,16.91
16/10/2002,19.07,19.09,18.3,18.5,66100,16.21
15/10/2002,18.86,19.75,18.83,19.1,121500,16.73
14/10/2002,19.06,19.3,18.4,18.76,91300,16.43
11/10/2002,18,19.7,18,19.26,115100,16.87
10/10/2002,17.5,18,17.48,18,93600,15.77
9/10/2002,17.95,17.95,17.45,17.5,103700,15.33
8/10/2002,17.51,18.05,17.51,18.03,61900,15.79
7/10/2002,18.3,18.3,17.3,17.35,69900,15.2
4/10/2002,18.8,18.98,18.05,18.14,55800,15.89
3/10/2002,18.88,19.35,18.7,18.73,48800,16.41
2/10/2002,19.74,19.75,18.88,18.88,60300,16.54
1/10/2002,19.15,19.76,18.86,19.76,47500,17.31
30/09/2002,18.89,19.3,18.32,19.1,87000,16.73
27/09/2002,19.33,19.33,18.9,18.9,71100,16.56
26/09/2002,19.04,19.48,19.04,19.33,67800,16.93
25/09/2002,17.89,19,17.89,18.99,64500,16.63
24/09/2002,18.24,18.28,17.85,17.89,56500,15.67
23/09/2002,19,19.03,18.1,18.24,64200,15.98
20/09/2002,19.2,19.2,18.91,19,82900,16.64
19/09/2002,19.4,19.71,19.05,19.05,86800,16.69
18/09/2002,19.69,19.75,19.32,19.46,78600,17.05
17/09/2002,19.71,19.76,19.48,19.69,82100,17.25
16/09/2002,19.92,19.92,19.71,19.71,46400,17.27
13/09/2002,19.9,19.96,19.76,19.92,55200,17.45
12/09/2002,20.7,20.7,20,20,95400,17.52
11/09/2002,20.6,20.8,20.6,20.62,37700,18.06
10/09/2002,20.15,20.6,20.15,20.5,105200,17.96
9/09/2002,19.72,20.23,19.45,20.15,63800,17.65
6/09/2002,19.16,19.62,19.12,19.62,46500,17.19
5/09/2002,19.7,19.7,19.13,19.15,114500,16.77
4/09/2002,19.35,19.8,19.31,19.8,79900,17.23
3/09/2002,20.4,20.4,19.4,19.4,64200,16.88
30/08/2002,20.58,21.03,20.5,20.5,30600,17.84
29/08/2002,20.82,20.89,20.48,20.6,24700,17.93
28/08/2002,21.1,21.15,20.76,20.8,61600,18.1
27/08/2002,21.76,21.85,21.15,21.22,56400,18.47
26/08/2002,21.25,21.81,21,21.72,41300,18.9
23/08/2002,21.97,21.97,21.2,21.2,45500,18.45
22/08/2002,21.9,22.04,21.7,22,33200,19.14
21/08/2002,21.35,21.9,21.3,21.9,74600,19.06
20/08/2002,22,22,21.31,21.31,38000,18.54
19/08/2002,21.45,22,21.4,21.99,47300,19.14
16/08/2002,21.25,21.65,21.1,21.51,37400,18.72
15/08/2002,21.27,21.27,20.92,21.21,29500,18.46
14/08/2002,20.25,21.28,20.1,21.25,66000,18.49
13/08/2002,21.15,21.15,20.25,20.25,59300,17.62
12/08/2002,21.6,21.6,21.11,21.2,26700,18.45
9/08/2002,22,22,21.56,21.63,52900,18.82
8/08/2002,21.15,22.01,20.85,22.01,59400,19.15
7/08/2002,21,21.1,20.25,21.1,125300,18.36
6/08/2002,19.85,20.75,19.85,20.75,130500,18.06
5/08/2002,20.35,20.35,19.75,19.75,75500,17.19
2/08/2002,21.7,21.7,20.4,20.6,63300,17.93
1/08/2002,21.88,22.1,21.68,21.68,41900,18.87
31/07/2002,22.22,22.27,21.87,21.87,62500,19.03
30/07/2002,22.8,22.8,21.66,22.25,98100,19.36
29/07/2002,21.75,22.88,21.65,22.86,91800,19.89
26/07/2002,21,21.95,20.95,21.95,59700,19.1
25/07/2002,20.93,21.18,20.49,21,74500,18.27
24/07/2002,20.3,21,19.81,21,104400,18.27
23/07/2002,21.69,21.69,20.3,20.34,114600,17.7
22/07/2002,22,22.1,21.4,21.69,79500,18.88
19/07/2002,22.51,22.55,21.94,22.15,123200,19.28
18/07/2002,23.02,23.4,22.5,22.5,57100,19.58
17/07/2002,23.02,23.45,22.54,23.02,75000,20.03
16/07/2002,23.45,23.46,22.69,23.02,109200,20.03
15/07/2002,23.91,23.91,23,23.55,84200,20.49
12/07/2002,23.7,24.12,23.65,23.91,128100,20.81
11/07/2002,23.52,23.75,22.95,23.75,68800,20.67
10/07/2002,24,24.11,23.55,23.56,49600,20.5
9/07/2002,24.02,24.14,23.9,24,63000,20.89
8/07/2002,24.07,24.15,24.02,24.06,51400,20.94
5/07/2002,23.4,24.21,23.4,24.12,54400,20.99
3/07/2002,23.8,24,23.19,23.39,47400,20.35
2/07/2002,24.18,24.35,23.9,23.91,55400,20.81
1/07/2002,25.2,25.2,24.25,24.25,75800,21.1
28/06/2002,24.82,25.24,24.82,25.2,247000,21.93
27/06/2002,24.55,25,24.5,24.81,128900,21.59
26/06/2002,23.9,24.5,23.8,24.4,134200,21.23
25/06/2002,24.15,24.57,23.9,24.05,86200,20.93
24/06/2002,23.95,24.47,23.95,24.15,95000,21.02
21/06/2002,24.75,24.75,24.1,24.1,92800,20.97
20/06/2002,24.45,24.96,24.45,24.6,64100,21.41
19/06/2002,24.6,24.95,24.39,24.5,86800,21.32
18/06/2002,24.8,24.95,24.45,24.7,112300,21.49
17/06/2002,24.24,24.85,24.24,24.76,58400,21.55
14/06/2002,24.2,24.3,24.02,24.24,57700,21.09
13/06/2002,24.29,24.35,24.09,24.29,70600,21.14
12/06/2002,24.26,24.38,24.04,24.37,96400,21.21
11/06/2002,24.29,24.59,23.9,24.5,105400,21.32
10/06/2002,23.8,24.51,23.8,24.29,98700,21.14
7/06/2002,23.2,23.85,22.9,23.85,62300,20.75
6/06/2002,23.5,23.6,23.25,23.26,40900,20.24
5/06/2002,23.9,23.9,23.32,23.58,40200,20.52
4/06/2002,23.19,24.08,23.09,24.04,73200,20.81
3/06/2002,24.2,24.21,23.15,23.18,85900,20.06
31/05/2002,24.49,24.6,24.25,24.25,78100,20.99
30/05/2002,24.05,24.5,24.01,24.48,73700,21.19
29/05/2002,24.25,24.25,24,24.1,45400,20.86
28/05/2002,24.64,24.65,23.79,24.33,66400,21.06
24/05/2002,24.76,24.95,24.5,24.64,97900,21.33
23/05/2002,24.22,24.84,24.14,24.76,57000,21.43
22/05/2002,24.33,24.39,24.1,24.22,31400,20.96
21/05/2002,24.59,24.61,24.2,24.33,40400,21.06
20/05/2002,24.75,24.79,24.42,24.6,53600,21.29
17/05/2002,24.4,24.82,24.4,24.82,33100,21.48
16/05/2002,24.3,24.68,24.25,24.47,74200,21.18
15/05/2002,24.4,24.47,23.98,24.3,104100,21.03
14/05/2002,24.3,24.49,24.05,24.46,88900,21.17
13/05/2002,23.3,24.4,23.3,24.4,68800,21.12
10/05/2002,24.15,24.15,23.1,23.25,67400,20.12
9/05/2002,24.35,24.4,24.03,24.15,60600,20.9
8/05/2002,23.85,24.42,23.85,24.35,65200,21.08
7/05/2002,23.48,23.81,23.3,23.8,65000,20.6
6/05/2002,24.15,24.25,23.47,23.47,67700,20.31
3/05/2002,24.27,24.53,23.7,24.1,99100,20.86
2/05/2002,24.05,24.53,24.05,24.27,67800,21.01
1/05/2002,23.7,24.09,23.35,24.09,60500,20.85
30/04/2002,23.48,23.7,23.44,23.7,105200,20.51
29/04/2002,23.7,23.7,23.25,23.45,43000,20.3
26/04/2002,23.85,24.04,23.65,23.71,65800,20.52
25/04/2002,23.6,24,23.3,23.97,58600,20.75
24/04/2002,23.26,23.95,23.26,23.6,102300,20.43
23/04/2002,23.27,24.09,23.25,23.29,27500,20.16
22/04/2002,23.5,23.56,23.15,23.27,31700,20.14
19/04/2002,24.14,24.36,23.55,23.57,48700,20.4
18/04/2002,24.5,24.55,23.99,24.15,148100,20.9
17/04/2002,23.95,24.55,23.95,24.45,213800,21.16
16/04/2002,23.05,24,23.05,24,112600,20.77
15/04/2002,22.7,23.15,22.7,22.98,68100,19.89
12/04/2002,22.8,22.8,22.2,22.65,132100,19.6
11/04/2002,22.2,22.85,22.12,22.75,114400,19.69
10/04/2002,22.4,22.7,22,22.28,50900,19.28
9/04/2002,22.15,22.79,21.95,22.4,65200,19.39
8/04/2002,22.2,22.25,21.75,22.15,102800,19.17
5/04/2002,22.2,22.6,22,22.4,81000,19.39
4/04/2002,22.01,22.7,22,22.3,88700,19.3
3/04/2002,22.2,22.27,22,22,84400,19.04
2/04/2002,22.84,22.99,22,22.2,80400,19.21
1/04/2002,22.55,23,22.22,22.84,71000,19.77
28/03/2002,22.95,23,22.6,22.6,49400,19.56
27/03/2002,23,23,22.86,22.95,61900,19.86
26/03/2002,22.98,23.03,22.7,22.95,82400,19.86
25/03/2002,22.68,23.29,22.25,22.93,170900,19.85
22/03/2002,23.2,23.25,22.48,22.66,44000,19.61
21/03/2002,23,23.26,22.7,23.25,30400,20.12
20/03/2002,23.15,23.15,22.8,23.08,58900,19.98
19/03/2002,22.9,23.18,22.9,23.18,41100,20.06
18/03/2002,22.8,23.2,22.8,23,36000,19.91
15/03/2002,22.7,22.96,22.7,22.9,48000,19.82
14/03/2002,22.55,22.9,22.4,22.8,24000,19.73
13/03/2002,22.6,22.6,22.26,22.55,43200,19.52
12/03/2002,23,23.07,22.2,22.65,86100,19.6
11/03/2002,23.2,23.25,22.95,23.15,56700,20.04
8/03/2002,23.22,23.33,23.15,23.3,48000,20.17
7/03/2002,23,23.22,22.89,23.22,35200,20.1
6/03/2002,22.73,22.99,22.71,22.98,107300,19.89
5/03/2002,22.55,23,22.5,22.83,67500,19.76
4/03/2002,21.6,22.75,21.53,22.73,166700,19.56
1/03/2002,21.25,21.5,21.25,21.5,34700,18.5
28/02/2002,22.75,22.76,21,21.25,213700,18.29
27/02/2002,22,22.84,21.8,22.79,73600,19.61
26/02/2002,21.65,21.95,21.65,21.95,27300,18.89
25/02/2002,21.8,21.82,21.5,21.75,49700,18.72
22/02/2002,21.52,22.1,21.42,21.9,55900,18.85
21/02/2002,22.9,22.94,21.5,21.52,190900,18.52
20/02/2002,21.2,22.9,21.16,22.9,122500,19.71
19/02/2002,22.05,22.05,20.9,21.15,73700,18.2
15/02/2002,22.1,22.23,21.98,22.1,49600,19.02
14/02/2002,22.15,22.18,21.9,22.07,48300,18.99
13/02/2002,21.86,22.1,21.75,22.1,54200,19.02
12/02/2002,22.4,22.4,21.83,21.84,33900,18.79
11/02/2002,21.45,22.59,21.35,22.5,84100,19.36
8/02/2002,20.88,21.45,20.88,21.45,30800,18.46
7/02/2002,22,22,20.87,20.87,67900,17.96
6/02/2002,22.1,22.19,21.9,21.98,93300,18.92
5/02/2002,21.55,22.1,21.51,22.1,69100,19.02
4/02/2002,21.4,21.61,21.3,21.61,53300,18.6
31/01/2002,21.65,21.85,21.5,21.75,79400,18.72
30/01/2002,21.4,21.6,21.4,21.54,41300,18.54
29/01/2002,21.4,21.5,21.3,21.31,27800,18.34
28/01/2002,21.33,21.42,21.3,21.4,50800,18.42
25/01/2002,21.23,21.4,21.2,21.33,55500,18.36
24/01/2002,21.35,21.4,21,21.23,63200,18.27
23/01/2002,21.25,21.45,21.2,21.45,44600,18.46
22/01/2002,21.2,21.3,21,21.22,49100,18.26
18/01/2002,21.4,21.45,21.2,21.2,33400,18.24
17/01/2002,21.11,21.45,21.08,21.45,30700,18.46
16/01/2002,21.4,21.45,20.75,21.04,77400,18.11
15/01/2002,21.2,21.35,20.96,21.35,44800,18.37
14/01/2002,21,21.2,20.96,21.06,50800,18.12
11/01/2002,20.94,21.05,20.85,21.02,56300,18.09
10/01/2002,20.85,21.15,20.8,20.92,38300,18
9/01/2002,21.35,21.6,20.75,20.92,102500,18
8/01/2002,20.3,21.4,20.3,21.4,52600,18.42
7/01/2002,21.34,21.5,20.25,20.28,85800,17.45
4/01/2002,21.2,21.59,21.15,21.59,48900,18.58
3/01/2002,20.7,21.2,20.52,21.2,79100,18.24
2/01/2002,20.85,20.85,20.25,20.62,82500,17.74
31/12/2001,20.8,21.14,20.35,20.9,58200,17.99
28/12/2001,21.23,21.24,20.3,20.75,89500,17.86
27/12/2001,21.2,21.29,20.59,21.24,68600,18.28
26/12/2001,21.1,21.3,21,21.15,20900,18.2
24/12/2001,21.09,21.15,20.98,21.15,22500,18.2
21/12/2001,20.4,21.09,19.6,21.08,183000,18.14
20/12/2001,20.75,20.75,20.05,20.05,36500,17.25
19/12/2001,20,20.9,19.97,20.8,63600,17.9
18/12/2001,21.1,21.22,20.22,20.58,103700,17.71
17/12/2001,20.75,21.15,20.75,21.14,53300,18.19
14/12/2001,20.5,20.75,20.3,20.73,31700,17.84
13/12/2001,20.9,20.95,20.5,20.5,19500,17.64
12/12/2001,20.55,21.25,20.55,20.99,65700,18.06
11/12/2001,20.25,20.8,20.25,20.55,33400,17.68
10/12/2001,21.1,21.36,20.26,20.27,54300,17.44
7/12/2001,21,21.5,20.98,21.32,28900,18.24
6/12/2001,20.9,21.25,20.9,21,67200,17.96
5/12/2001,21.15,21.24,20.78,20.84,32900,17.82
4/12/2001,20.1,21.2,20.1,21.2,47500,18.13
3/12/2001,20.4,20.45,19.99,20.05,33500,17.15
30/11/2001,21.11,21.13,20.4,20.52,42700,17.55
29/11/2001,19.9,21.11,19.88,21.11,30500,18.06
28/11/2001,20.15,20.2,19.8,19.87,60200,17
27/11/2001,21.05,21.05,20.18,20.18,51400,17.26
26/11/2001,20.5,21.11,20.44,20.96,37100,17.93
23/11/2001,20,20.56,20,20.56,12300,17.59
21/11/2001,19.98,20.1,19.96,20.05,15000,17.15
20/11/2001,19.4,19.9,19.4,19.9,12600,17.02
19/11/2001,20,20.06,19.3,19.4,53200,16.59
16/11/2001,20.6,20.6,19.75,19.8,23400,16.94
15/11/2001,20.3,20.69,20.25,20.55,75400,17.58
14/11/2001,19.68,20.33,19.68,20.25,11300,17.32
13/11/2001,19.6,19.7,19.51,19.68,16100,16.83
12/11/2001,19.5,19.7,19.5,19.69,15300,16.84
9/11/2001,19.5,19.61,19.44,19.5,19000,16.68
8/11/2001,19.85,19.85,19.5,19.5,34700,16.68
7/11/2001,19.55,19.94,19.55,19.85,50500,16.98
6/11/2001,19.65,19.66,19.5,19.65,21300,16.81
5/11/2001,19.6,19.75,19.57,19.71,26500,16.86
2/11/2001,19.38,19.6,19.3,19.55,11200,16.72
1/11/2001,19.1,19.4,18.99,19.28,19300,16.49
31/10/2001,19.1,19.39,18.99,19.02,88500,16.27
30/10/2001,19.35,19.35,18.94,19.06,11600,16.3
29/10/2001,19.59,19.62,19.3,19.3,16400,16.51
26/10/2001,19.85,20,19.55,19.6,20800,16.76
25/10/2001,20.21,20.21,19.8,19.8,26400,16.94
24/10/2001,20.23,20.3,20.15,20.21,3400,17.29
23/10/2001,20.4,20.6,19.92,20.23,17800,17.3
22/10/2001,19.7,20.39,19.64,20.38,36800,17.43
19/10/2001,19.45,19.7,19.36,19.65,16500,16.81
18/10/2001,19.57,19.6,19.2,19.49,13500,16.67
17/10/2001,19.75,19.85,19.55,19.55,25100,16.72
16/10/2001,19.6,19.78,19.36,19.75,41800,16.89
15/10/2001,19.7,20.03,19.46,19.55,31500,16.72
12/10/2001,19.89,19.96,19.6,19.8,15800,16.94
11/10/2001,19.8,20,19.61,19.9,19600,17.02
10/10/2001,19,19.8,18.95,19.8,20400,16.94
9/10/2001,19.7,19.74,19.1,19.1,15700,16.34
8/10/2001,20.19,20.2,19.75,19.75,53900,16.89
5/10/2001,20.15,20.19,19.9,20.19,26400,17.27
4/10/2001,19.24,20,19.2,20,66300,17.11
3/10/2001,18.95,19.3,18.9,19.25,51000,16.46
2/10/2001,19.25,19.25,18.81,19.05,45300,16.29
1/10/2001,18.85,19.25,18.83,19.25,82600,16.46
28/09/2001,19.4,19.85,19.36,19.85,42700,16.98
27/09/2001,19.4,19.4,18.86,19.2,54400,16.42
26/09/2001,19.1,19.2,18.96,19.16,29500,16.39
25/09/2001,18.3,19,18.2,18.87,130800,16.14
24/09/2001,18.15,18.3,18,18.3,128000,15.65
21/09/2001,18.5,18.5,18,18.09,123400,15.47
20/09/2001,19.45,19.45,18.5,18.55,77300,15.87
19/09/2001,20.85,20.85,19.32,19.51,39800,16.69
18/09/2001,21,21,20.81,20.85,55300,17.83
17/09/2001,21.4,21.4,21,21,22600,17.96
10/09/2001,21.7,21.7,21.3,21.5,26800,18.39
7/09/2001,21.42,21.75,21.4,21.75,36100,18.6
6/09/2001,21.6,21.66,21.42,21.42,14900,18.32
5/09/2001,21.37,21.66,21.15,21.65,16500,18.52
4/09/2001,21.7,21.8,21.5,21.5,20300,18.39
31/08/2001,21.89,21.9,21.66,21.66,25600,18.53
30/08/2001,21.9,21.99,21.63,21.89,11300,18.72
29/08/2001,22.05,22.1,21.76,21.83,15200,18.67
28/08/2001,22.25,22.3,21.95,21.99,13600,18.81
27/08/2001,22.18,22.4,22.1,22.2,25500,18.99
24/08/2001,21.95,22.2,21.95,22.15,13200,18.95
23/08/2001,22.15,22.38,21.9,21.96,29200,18.78
22/08/2001,21.8,22.1,21.66,22.1,26700,18.9
21/08/2001,21.75,21.99,21.4,21.74,65000,18.59
20/08/2001,22.1,22.25,21.85,22.2,24900,18.99
17/08/2001,22.15,22.22,21.85,22.18,19400,18.97
16/08/2001,22.03,22.15,21.75,22.15,19200,18.95
15/08/2001,21.85,22.06,21.75,22.02,21600,18.83
14/08/2001,22,22.24,21.76,21.8,18000,18.65
13/08/2001,21.78,22.05,21.75,21.95,11000,18.77
10/08/2001,22.13,22.13,21.76,21.79,14800,18.64
9/08/2001,21.85,22.16,21.85,22.13,9300,18.93
8/08/2001,21.5,22.15,21.5,21.9,30500,18.73
7/08/2001,21.8,22.2,21.5,21.58,51700,18.46
6/08/2001,22.35,22.35,21.8,21.85,15600,18.69
3/08/2001,21.85,22.58,21.8,22.41,24100,19.17
2/08/2001,21.95,22.1,21.65,21.79,88300,18.64
1/08/2001,22.1,22.2,21.75,21.8,21600,18.65
31/07/2001,21.5,22.11,21.5,22.03,28100,18.84
30/07/2001,21.85,21.85,21.31,21.45,55400,18.35
27/07/2001,21.45,21.95,21.45,21.9,24100,18.73
26/07/2001,21.2,21.4,21.11,21.4,24100,18.3
25/07/2001,21.55,21.58,21.05,21.2,26200,18.13
24/07/2001,22.35,22.39,21.55,21.7,11900,18.56
23/07/2001,22,22.35,21.9,22.3,17600,19.07
20/07/2001,21.73,22,21.73,21.89,15400,18.72
19/07/2001,21.5,21.9,21.45,21.83,25700,18.67
18/07/2001,22.15,22.2,21.4,21.45,27800,18.35
17/07/2001,22,22.1,21.65,22.1,57300,18.9
16/07/2001,22,22.34,21.88,22.05,58600,18.86
13/07/2001,21.52,22,21.5,22,28900,18.82
12/07/2001,21.06,21.53,21.05,21.52,61300,18.41
11/07/2001,21.14,21.22,20.92,21.06,42200,18.01
10/07/2001,21.05,21.17,20.97,21.13,27600,18.07
9/07/2001,20.8,21.1,20.7,21.08,18400,18.03
6/07/2001,20.95,20.95,20.64,20.83,22700,17.82
5/07/2001,20.85,21.03,20.81,21,18000,17.96
3/07/2001,21.02,21.2,20.9,20.9,23800,17.88
2/07/2001,21.31,21.34,21.01,21.01,19000,17.97
29/06/2001,21.04,21.37,21.04,21.37,51700,18.28
28/06/2001,21,21.18,20.89,21.04,42300,18
27/06/2001,21,21.18,20.85,20.95,27800,17.92
26/06/2001,20.2,21.35,20.2,21.05,49700,18
25/06/2001,21,21,20.16,20.25,52100,17.32
22/06/2001,20.9,21.11,20.9,20.9,26000,17.88
21/06/2001,21,21.1,20.8,20.82,30600,17.81
20/06/2001,20.51,21.05,20.5,21,39800,17.96
19/06/2001,20.55,20.7,20.5,20.5,9600,17.53
18/06/2001,20.74,20.85,20.5,20.5,25100,17.53
15/06/2001,21.06,21.19,20.3,20.7,54000,17.71
14/06/2001,21.28,21.28,21,21.08,26900,18.03
13/06/2001,21.05,21.45,21.05,21.3,23900,18.22
12/06/2001,21.55,21.55,21,21.01,34000,17.97
11/06/2001,21.6,21.6,21.5,21.5,13300,18.39
8/06/2001,21.78,21.8,21.55,21.6,22400,18.47
7/06/2001,21.5,21.8,21.5,21.79,22500,18.64
6/06/2001,21.85,22.22,21.5,21.55,60400,18.43
5/06/2001,21.67,22.1,21.67,22,73000,18.71
4/06/2001,21.75,21.8,21.5,21.67,40300,18.43
1/06/2001,21.02,21.9,21.02,21.9,161700,18.62
31/05/2001,21.95,21.95,21,21,57000,17.86
30/05/2001,22.28,22.31,21.95,21.95,33500,18.66
29/05/2001,22.25,22.6,22.25,22.27,45500,18.94
25/05/2001,22.9,22.95,22.15,22.25,49900,18.92
24/05/2001,23.95,23.95,22.75,22.85,105300,19.43
23/05/2001,24.94,25.15,23.9,23.95,158400,20.36
22/05/2001,24,25.1,23.95,24.94,122500,21.21
21/05/2001,23.5,24,23.42,23.95,68900,20.36
18/05/2001,23,24.2,22.95,23.8,81100,20.24
17/05/2001,22.3,23.15,22.3,23.05,79600,19.6
16/05/2001,21.9,22.35,21.9,22.32,36500,18.98
15/05/2001,21.85,22,21.6,22,24900,18.71
14/05/2001,21,21.75,21,21.71,28900,18.46
11/05/2001,21.48,21.57,21.12,21.15,20500,17.98
10/05/2001,21.17,21.65,21.17,21.5,37900,18.28
9/05/2001,21.53,21.6,21.14,21.14,16200,17.97
8/05/2001,21.25,21.65,21.22,21.65,17600,18.41
7/05/2001,20.78,21.22,20.78,21.17,21900,18
4/05/2001,20.95,21,20.75,20.85,38500,17.73
3/05/2001,20.8,21.09,20.8,21.06,16500,17.91
2/05/2001,21,21,20.8,20.9,10700,17.77
1/05/2001,20.8,20.99,20.65,20.99,19400,17.85
30/04/2001,21.57,21.61,20.55,20.74,57200,17.63
27/04/2001,21.27,22,21.27,21.66,25500,18.42
26/04/2001,21.34,21.7,21.15,21.23,37800,18.05
25/04/2001,21.08,21.34,21,21.34,12100,18.14
24/04/2001,21.05,21.15,20.61,21.08,23300,17.92
23/04/2001,21.15,21.35,21.05,21.1,35400,17.94
20/04/2001,21.74,21.75,20.9,21.3,46300,18.11
19/04/2001,21.14,22.2,21.09,21.75,46500,18.49
18/04/2001,21.12,21.32,21,21.14,74100,17.97
17/04/2001,21.3,21.35,21,21.01,34800,17.86
16/04/2001,21.95,21.95,21.25,21.53,31300,18.31
12/04/2001,21.35,22,21.35,21.85,24800,18.58
11/04/2001,21.3,21.38,21.25,21.34,33300,18.14
10/04/2001,21.1,21.4,21,21.35,100700,18.15
9/04/2001,21,21.09,21,21.08,53000,17.92
6/04/2001,21.15,21.15,20.9,21.05,32600,17.9
5/04/2001,20.7,21.25,20.7,21.25,66500,18.07
4/04/2001,20.56,20.6,20.4,20.59,69600,17.51
3/04/2001,20.35,20.6,20,20.6,57500,17.52
2/04/2001,21.05,21.1,20.4,20.4,152500,17.35
30/03/2001,20.75,21.05,20.75,21.05,79300,17.9
29/03/2001,20.45,20.9,20.4,20.76,39500,17.65
28/03/2001,21,21.05,20.54,20.54,52000,17.46
27/03/2001,21.2,21.2,20.99,21.04,40000,17.89
26/03/2001,21.15,21.15,21.05,21.12,19100,17.96
23/03/2001,20.8,21.15,20.75,21.15,29000,17.98
22/03/2001,21,21.02,20.7,20.9,59300,17.77
21/03/2001,20.97,21.1,20.8,20.95,59600,17.81
20/03/2001,21.15,21.34,20.9,21.07,59400,17.91
19/03/2001,21.05,21.15,21,21.15,35000,17.98
16/03/2001,21.31,21.34,21,21.1,70200,17.94
15/03/2001,21.05,21.35,20.9,21.3,33400,18.11
14/03/2001,21.14,21.2,21,21.15,45300,17.98
13/03/2001,21.6,21.6,20.92,21.14,134800,17.97
12/03/2001,22.75,22.75,21.6,21.7,119300,18.45
9/03/2001,22.78,22.85,22.7,22.75,46800,19.34
8/03/2001,22.85,23,22.72,22.78,33100,19.37
7/03/2001,22.58,23.2,22.58,22.9,81500,19.47
6/03/2001,22.3,22.85,22.25,22.7,96500,19.19
5/03/2001,21.45,22.3,21.45,22.25,40000,18.81
2/03/2001,21.14,21.45,21.14,21.45,18900,18.13
1/03/2001,21.01,21.15,21,21.14,30500,17.87
28/02/2001,21.4,21.4,20.95,21,33500,17.75
27/02/2001,21.1,21.85,21.1,21.5,39900,18.18
26/02/2001,20.82,21.15,20.61,21.15,40600,17.88
23/02/2001,20.6,20.9,19.95,20.9,59300,17.67
22/02/2001,21,21.03,20.35,20.7,29800,17.5
21/02/2001,20.4,21.2,20.38,21.02,29500,17.77
20/02/2001,21.11,21.35,20.5,20.51,32400,17.34
16/02/2001,22,22.01,20.75,21.11,55300,17.85
15/02/2001,21.65,22.2,21.58,22.11,30400,18.69
14/02/2001,21.5,21.61,21.12,21.57,58300,18.24
13/02/2001,21.3,22.04,21.3,21.5,50900,18.18
12/02/2001,21.91,21.91,21.01,21.3,63500,18.01
9/02/2001,22.5,22.5,21.91,21.91,15100,18.52
8/02/2001,23.02,23.02,22.3,22.56,117000,19.07
7/02/2001,21.57,23.25,21.45,23.02,56500,19.46
6/02/2001,21,21.63,21,21.63,30500,18.29
5/02/2001,21.4,21.4,21,21.1,21700,17.84
2/02/2001,21.8,21.8,21.31,21.35,12600,18.05
1/02/2001,21.95,21.99,21.65,21.75,26000,18.39
31/01/2001,21.8,21.9,21.72,21.82,8000,18.45
30/01/2001,21.46,22,21.46,21.9,46800,18.51
29/01/2001,21.15,21.45,21.12,21.41,36700,18.1
26/01/2001,21.38,21.5,21,21.31,84600,18.02
25/01/2001,21.62,21.62,21.38,21.38,56400,18.07
24/01/2001,22,22.19,21.62,21.75,49600,18.39
23/01/2001,22.31,22.31,22,22.12,29400,18.7
22/01/2001,22.38,22.5,22.25,22.44,41100,18.97
19/01/2001,22.56,22.56,22.25,22.38,75100,18.92
18/01/2001,22.38,23.06,22,22.69,35400,19.18
17/01/2001,22,22.75,21.75,22.25,74800,18.81
16/01/2001,22.19,22.19,22,22.12,82800,18.7
12/01/2001,22,22.19,21.88,22.06,10500,18.65
11/01/2001,21.69,22.38,21.62,22.06,47500,18.65
10/01/2001,20.81,22.06,20.81,21.94,81300,18.55
9/01/2001,20.12,20.88,20.12,20.69,37700,17.49
8/01/2001,20,20.25,20,20.12,123600,17.01
5/01/2001,20.38,20.38,19.81,20.06,33600,16.96
4/01/2001,20.38,20.75,20.19,20.25,40200,17.12
3/01/2001,19.94,20.25,19.75,20.25,40600,17.12
2/01/2001,21,21,19.5,19.75,40600,16.7
29/12/2000,21.12,21.5,20.94,21.12,31800,17.86
28/12/2000,20.06,21.12,20,21,21500,17.75
27/12/2000,19.81,20.25,19.69,20.25,66500,17.12
26/12/2000,19.88,20,19.62,19.69,40400,16.64
22/12/2000,19.81,20.12,19.69,19.94,75100,16.85
21/12/2000,19.75,19.94,19.69,19.81,61200,16.75
20/12/2000,20.12,20.12,19.75,19.75,69800,16.7
19/12/2000,20.5,20.5,20.06,20.06,41400,16.96
18/12/2000,20.56,20.69,20.38,20.44,16600,17.28
15/12/2000,20.62,20.69,20.25,20.62,43200,17.44
14/12/2000,20.88,20.88,20.62,20.62,16700,17.44
13/12/2000,21.56,21.88,20.62,21,45300,17.75
12/12/2000,22.25,22.5,21.69,21.69,31100,18.33
11/12/2000,21.94,22.38,21.5,22.38,32000,18.92
8/12/2000,21.62,22,21.56,22,22200,18.6
7/12/2000,21.62,21.88,21.5,21.75,19300,18.28
6/12/2000,21.88,21.88,21.44,21.5,25400,18.07
5/12/2000,21.88,22,21.69,21.81,34600,18.33
4/12/2000,21.88,22,21.69,21.69,19200,18.22
1/12/2000,21.5,22,21.44,21.94,17700,18.43
30/11/2000,21.12,21.75,21.12,21.5,37300,18.07
29/11/2000,21.06,21.31,21.06,21.25,45700,17.86
28/11/2000,21,21.12,20.94,21.06,26500,17.7
27/11/2000,20,21.06,20,20.94,48900,17.59
24/11/2000,20,20.25,20,20.25,16100,17.02
22/11/2000,20.69,20.69,19.69,20,51800,16.81
21/11/2000,20.94,20.94,20.75,20.75,23800,17.44
20/11/2000,21.25,21.38,21,21.06,54400,17.7
17/11/2000,21,21.12,20.88,21.12,13500,17.75
16/11/2000,20.62,20.88,20.62,20.81,23100,17.49
15/11/2000,19.88,21,19.88,20.75,27500,17.44
14/11/2000,20,20,19.81,19.88,11700,16.7
13/11/2000,19.88,20,19.88,20,11600,16.81
10/11/2000,20.31,20.31,19.75,19.88,31500,16.7
9/11/2000,21,21,20.5,20.56,20300,17.28
8/11/2000,20.88,21.25,20.56,21,37000,17.65
7/11/2000,20.5,20.62,20.25,20.62,19300,17.33
6/11/2000,20.5,20.5,20.31,20.44,24400,17.17
3/11/2000,20.56,20.62,20.31,20.5,28200,17.23
2/11/2000,19.81,20.75,19.75,20.5,40300,17.23
1/11/2000,20,20,19.75,19.88,8500,16.7
31/10/2000,19.5,19.88,19.44,19.88,27900,16.7
30/10/2000,19.88,19.88,19.25,19.38,45100,16.28
27/10/2000,19.88,20,19.75,19.88,19800,16.7
26/10/2000,19.88,20,19.5,19.88,43800,16.7
25/10/2000,20,20.12,19.62,19.75,31400,16.6
24/10/2000,19.94,20.25,19.94,20.19,31600,16.96
23/10/2000,19.62,20,19.62,19.94,12400,16.75
20/10/2000,19.44,19.5,19.25,19.5,46500,16.39
19/10/2000,19.44,19.5,19.38,19.38,10500,16.28
18/10/2000,19.5,19.5,19.38,19.38,9100,16.28
17/10/2000,19.81,19.81,19.44,19.44,18000,16.33
16/10/2000,19.88,20,19.69,19.75,24500,16.6
13/10/2000,19.62,20.12,19.62,19.94,26500,16.75
12/10/2000,19.75,19.88,19.38,19.69,39900,16.54
11/10/2000,19.38,19.88,19.38,19.75,22500,16.6
10/10/2000,19.75,20.25,19.38,19.44,57300,16.33
9/10/2000,19.69,19.88,19.62,19.75,29900,16.6
6/10/2000,19.94,19.94,19.69,19.69,23500,16.54
5/10/2000,19.94,19.94,19.62,19.94,42100,16.75
4/10/2000,19.94,19.94,19.75,19.81,21000,16.65
3/10/2000,20.44,20.81,20,20,132000,16.81
2/10/2000,20.44,20.44,20.06,20.25,82900,17.02
29/09/2000,21,21,20.31,20.31,81800,17.07
28/09/2000,21,21.06,20.94,21,31500,17.65
27/09/2000,20.38,20.94,20.38,20.88,46300,17.54
26/09/2000,20,20.62,20,20.5,87000,17.23
25/09/2000,19.5,19.88,19.5,19.81,131200,16.65
22/09/2000,19.25,19.25,18.75,18.75,44300,15.76
21/09/2000,19.5,19.5,19.38,19.38,9400,16.28
20/09/2000,19.25,19.62,19.25,19.56,46900,16.44
19/09/2000,19.38,19.44,19.31,19.31,21400,16.23
18/09/2000,19.62,19.62,19.5,19.5,17100,16.39
15/09/2000,19.44,19.62,19.38,19.56,53100,16.44
14/09/2000,19.38,19.69,19.31,19.69,27400,16.54
13/09/2000,19.25,19.5,19.25,19.44,14100,16.33
12/09/2000,19.5,19.5,19.38,19.44,23100,16.22
11/09/2000,19.38,19.62,19.38,19.5,25600,16.28
8/09/2000,19.5,19.62,19.31,19.31,22900,16.12
7/09/2000,19.38,19.62,19.38,19.62,12800,16.38
