,,,31/01/2002,28/02/2002,31/03/2002,30/04/2002,31/05/2002,30/06/2002,31/07/2002,31/08/2002,30/09/2002,31/10/2002,30/11/2002,31/12/2002,31/01/2003,28/02/2003,31/03/2003,30/04/2003,31/05/2003,30/06/2003,31/07/2003,31/08/2003,30/09/2003,31/10/2003,01/12/2003,31/12/2003,02/02/2004,01/03/2004,31/03/2004,30/04/2004,01/06/2004,30/06/2004,02/08/2004,31/08/2004,30/09/2004,01/11/2004,30/11/2004,31/12/2004,31/01/2005,28/02/2005,31/03/2005,02/05/2005,31/05/2005,30/06/2005,01/08/2005,31/08/2005,30/09/2005,31/10/2005,30/11/2005,03/01/2006,31/01/2006,28/02/2006,31/03/2006,01/05/2006,31/05/2006,30/06/2006,31/07/2006,31/08/2006,02/10/2006,31/10/2006,30/11/2006,03/01/2007,31/01/2007,28/02/2007,02/04/2007,30/04/2007,31/05/2007,02/07/2007,31/07/2007,31/08/2007,01/10/2007,31/10/2007,30/11/2007,31/12/2007,31/01/2008,29/02/2008,31/03/2008,30/04/2008,31/05/2008,30/06/2008,31/07/2008,31/08/2008,30/09/2008,31/10/2008,30/11/2008,31/12/2008
ROCKWELL COLLINS INCORPORATED,A1,PP.Price,,,,,,,,,,,,,,,,,,,,,,,0.98117,0.9996,1.016,1.0312,1.0506,0.99388,0.95933,0.9738,0.99037,1.0243,1.0302,1.0377,1.0152,1.0134,1.0245,1.0158,0.99896,1.0272,1.0374,1.0306,1.0032,1.0321,1.0104,0.99556,0.99286,0.99,0.98529,0.98313,0.97104,0.9632,0.95636,0.93767,0.95487,0.97462,0.98937,0.99299,1.0021,0.97649,0.96706,0.98905,0.99131,0.99476,0.97457,0.95374,0.96446,0.99092,1.0005,1.008,1.0374,1.0244,,,,,,,,,,,,
ROCKWELL COLLINS INCORPORATED,A1,PP.Yield,,,,,,,,,,,,,,,,,,,,,,,0.049278,0.04745,0.045942,0.044468,0.042555,0.050229,0.052289,0.050873,0.04924,0.045273,0.044994,0.044555,0.048048,0.045626,0.04468,0.04634,0.049254,0.045857,0.044972,0.043148,0.047559,0.04401,0.047693,0.050508,0.051549,0.049055,0.050361,0.051322,0.053918,0.055933,0.057823,0.057694,0.055553,0.053007,0.051305,0.051339,0.050493,0.051644,0.053975,0.050798,0.051216,0.051264,0.055804,0.056108,0.054882,0.05075,0.04974,0.049108,0.044332,0.043018,,,,,,,,,,,,
ROCKWELL COLLINS INCORPORATED,A1,M.Price,,,,,,,,,,,,,,,,,,,,,,,0.98107,0.99948,1.016,1.0312,1.0505,0.99368,0.95933,0.9738,0.99036,1.0243,1.0302,1.0375,1.0148,1.0134,1.0245,1.0158,0.99895,1.0271,1.0369,1.0306,1.0032,1.0321,1.0104,0.99545,0.99235,0.99,0.98529,0.98313,0.97103,0.96315,0.95582,0.93767,0.95487,0.97462,0.98937,0.99294,1.0015,0.97649,0.96706,0.98905,0.99131,0.99475,0.97395,0.95374,0.96446,0.99092,1.0005,1.008,1.0368,1.0244,,,,,,,,,,,,
ROCKWELL COLLINS INCORPORATED,A1,M.Yield,,,,,,,,,,,,,,,,,,,,,,,0.049288,0.047438,0.045942,0.044468,0.042559,0.050284,0.052289,0.050873,0.04924,0.045273,0.044996,0.044558,0.048109,0.045626,0.04468,0.04634,0.049255,0.045903,0.045026,0.043148,0.047559,0.04401,0.047694,0.050525,0.051626,0.049055,0.050361,0.051322,0.053918,0.055942,0.057892,0.057694,0.055553,0.053007,0.051305,0.051349,0.050586,0.051644,0.053975,0.050798,0.051216,0.051268,0.055915,0.056108,0.054882,0.05075,0.04974,0.04911,0.044425,0.043018,,,,,,,,,,,,
ROCKWELL COLLINS INCORPORATED,A1,LS.Price,,,,,,,,,,,,,,,,,,,,,,,0.85598,0.88534,1.0128,1.0274,1.0461,0.99149,0.958,0.97248,0.98904,1.0235,1.0297,1.0373,1.0227,1.013,1.0073,0.99774,0.98053,1.0152,1.0354,1.0236,0.99242,1.0238,1.0013,0.98359,0.99104,0.98374,0.98239,0.97655,0.96922,0.9632,0.96328,0.9371,0.95453,0.97299,0.98694,0.99077,1.0056,0.97575,0.96699,0.98818,0.99084,0.99337,0.98073,0.95374,0.96446,0.99068,1.0004,1.008,1.0358,1.0243,,,,,,,,,,,,
ROCKWELL COLLINS INCORPORATED,A1,LS.Yield,,,,,,,,,,,,,,,,,,,,,,,0.066362,0.062761,0.046307,0.044956,0.043091,0.050568,0.05246,0.051062,0.049416,0.045404,0.045045,0.04458,0.047055,0.045674,0.046988,0.048825,0.051852,0.04755,0.04526,0.044123,0.049129,0.045176,0.049028,0.052335,0.051842,0.050018,0.050824,0.052315,0.054208,0.055932,0.056656,0.057823,0.055627,0.053249,0.051693,0.051709,0.049927,0.051742,0.053988,0.05093,0.051265,0.05153,0.054646,0.056108,0.054882,0.050785,0.04976,0.049108,0.044628,0.043032,,,,,,,,,,,,
ROCKWELL COLLINS INCORPORATED,A1,RF.Price,,,,,,,,,,,,,,,,,,,,,,,0.98124,0.99969,1.016,1.0312,1.0506,0.99417,0.95933,0.9738,0.99037,1.0243,1.0303,1.0379,1.023,1.0134,1.0245,1.0158,0.99896,1.0273,1.0446,1.0306,1.0032,1.0321,1.0104,0.99563,1.0002,0.99,0.98529,0.98313,0.97104,0.96322,0.96332,0.93767,0.95487,0.97462,0.98937,0.99301,1.0088,0.97649,0.96706,0.98905,0.99131,0.99477,0.98073,0.95374,0.96446,0.99092,1.0005,1.008,1.0435,1.0244,,,,,,,,,,,,
ROCKWELL COLLINS INCORPORATED,A1,RF.Yield,,,,,,,,,,,,,,,,,,,,,,,0.049237,0.047433,0.045942,0.044468,0.042552,0.05019,0.052289,0.050873,0.04924,0.045273,0.044993,0.044526,0.046992,0.045626,0.04468,0.04634,0.049254,0.045849,0.043995,0.043148,0.047559,0.04401,0.047693,0.050498,0.050428,0.049055,0.050361,0.051322,0.053918,0.055929,0.056646,0.057694,0.055553,0.053007,0.051305,0.051335,0.049379,0.051644,0.053975,0.050798,0.051216,0.051264,0.054644,0.056108,0.054882,0.05075,0.04974,0.049108,0.043186,0.043018,,,,,,,,,,,,
ROCKWELL COLLINS INCORPORATED,A1,Act.Price,,,,,,,,,,,,,,,,,,,,,,,0.98697,1.0012,1.0137,1.03,1.0458,0.99918,0.95978,0.9713,0.98701,1.015,1.0207,1.0304,0.99089,1.0052,1.0153,1.0029,1.001,1.0259,1.0192,1.0274,1.0055,1.0301,1.013,1.0016,0.98616,0.99896,0.99208,0.994,0.98063,0.96997,0.95085,0.95359,0.9684,0.98591,0.99759,1.0022,0.99115,0.98309,0.97797,0.99816,0.99952,1.0051,0.9488,0.95145,0.96829,0.99069,0.99596,1.0048,1.0187,1.0226,,,,,,,,,,,,
ROCKWELL COLLINS INCORPORATED,A1,Act.Yield,,,,,,,,,,,,,,,,,,,,,,,0.048531,0.047251,0.046202,0.044632,0.04315,0.049563,0.052201,0.051183,0.049685,0.046502,0.04623,0.045491,0.051379,0.046755,0.04592,0.048109,0.048967,0.046066,0.047537,0.043601,0.04724,0.044301,0.047302,0.049592,0.052578,0.047703,0.049322,0.049603,0.05236,0.054821,0.058745,0.055038,0.053288,0.051127,0.049921,0.049795,0.052364,0.050472,0.052037,0.049209,0.049752,0.049435,0.060636,0.05652,0.054139,0.050784,0.0506,0.049705,0.047828,0.043352,,,,,,,,,,,,
ROCKWELL COLLINS INCORPORATED,A1,r0,,,,,,,,,,,,,,,,,,,,,,,0.0084161,0.0082146,0.0081144,0.008204,0.0084614,0.0083106,0.0097108,0.012995,0.014158,0.016442,0.018387,0.020517,0.022958,0.024704,0.026113,0.027114,0.028516,0.030987,0.031881,0.034366,0.035309,0.03761,0.039237,0.041134,0.043359,0.044672,0.046813,0.046826,0.049433,0.052904,0.054138,0.055371,0.055856,0.054933,0.054652,0.054584,0.054785,0.054845,0.054889,0.05472,0.054889,0.054336,0.055045,0.054674,0.053892,0.061543,0.054026,0.047723,0.055417,0.049845,,,,,,,,,,,,
,,,,,,,,,,,,,,,,,,,,,,,,,,,,,,,,,,,,,,,,,,,,,,,,,,,,,,,,,,,,,,,,,,,,,,,,,,,,,,,,,,,,,,
,,,31/01/2002,28/02/2002,31/03/2002,30/04/2002,31/05/2002,01/07/2002,31/07/2002,03/09/2002,30/09/2002,31/10/2002,02/12/2002,31/12/2002,31/01/2003,28/02/2003,31/03/2003,30/04/2003,02/06/2003,30/06/2003,31/07/2003,02/09/2003,30/09/2003,31/10/2003,01/12/2003,31/12/2003,02/02/2004,01/03/2004,31/03/2004,30/04/2004,01/06/2004,30/06/2004,02/08/2004,31/08/2004,30/09/2004,01/11/2004,30/11/2004,31/12/2004,31/01/2005,28/02/2005,31/03/2005,02/05/2005,31/05/2005,30/06/2005,01/08/2005,31/08/2005,30/09/2005,31/10/2005,30/11/2005,03/01/2006,31/01/2006,28/02/2006,31/03/2006,01/05/2006,31/05/2006,30/06/2006,31/07/2006,31/08/2006,02/10/2006,31/10/2006,30/11/2006,03/01/2007,31/01/2007,28/02/2007,02/04/2007,30/04/2007,31/05/2007,02/07/2007,31/07/2007,31/08/2007,01/10/2007,31/10/2007,30/11/2007,31/12/2007,31/01/2008,29/02/2008,31/03/2008,30/04/2008,31/05/2008,30/06/2008,31/07/2008,31/08/2008,30/09/2008,31/10/2008,30/11/2008,31/12/2008
SCHLUMBERGER TECHNOLOGY CORPORATION,A2,PP.Price,,,,1.0523,1.0657,1.0841,1.1081,1.1659,1.1905,1.1542,1.1381,1.1866,1.1764,1.2037,1.1977,1.1778,1.2288,1.2267,1.1324,1.1277,1.187,1.1386,1.1331,1.1543,1.1693,1.1858,1.2031,1.1145,1.1022,1.1136,1.1311,1.1647,1.166,1.1449,1.1275,1.1393,1.1465,1.1375,1.1219,1.1162,1.1307,1.1394,1.1161,1.1414,1.1229,1.0789,1.0835,1.0958,1.0927,1.0914,1.0816,1.047,1.047,1.0444,1.0602,1.0779,1.0904,1.0629,1.0768,1.0713,1.0646,1.0831,1.083,1.0582,1.0483,1.0486,1.058,1.0788,1.0859,1.0646,1.0913,1.0965,,,,,,,,,,,,
SCHLUMBERGER TECHNOLOGY CORPORATION,A2,PP.Yield,,,,0.057499,0.056417,0.054742,0.052378,0.046081,0.04366,0.044595,0.047097,0.041812,0.043524,0.040749,0.04197,0.040947,0.035433,0.036074,0.048222,0.049492,0.042332,0.044937,0.046208,0.044009,0.04262,0.040965,0.039216,0.047333,0.04975,0.048727,0.046911,0.042722,0.043115,0.042134,0.045218,0.044098,0.043651,0.0456,0.048721,0.045248,0.04363,0.042914,0.047304,0.043912,0.047643,0.050366,0.050335,0.049078,0.050321,0.051348,0.054035,0.055323,0.056249,0.0577,0.055579,0.053107,0.051621,0.0515,0.049576,0.051773,0.054063,0.051077,0.052147,0.051428,0.05466,0.055735,0.054638,0.050929,0.050343,0.048736,0.043375,0.043092,,,,,,,,,,,,
SCHLUMBERGER TECHNOLOGY CORPORATION,A2,M.Price,,,,1.0517,1.0649,1.0829,1.1066,1.1642,1.1888,1.1531,1.137,1.1852,1.1755,1.2027,1.1966,1.1776,1.2285,1.2262,1.1316,1.1267,1.186,1.1384,1.1328,1.1539,1.1692,1.1856,1.2023,1.1145,1.1022,1.1136,1.1311,1.1645,1.1652,1.1449,1.1275,1.1393,1.1465,1.1375,1.1213,1.1162,1.1307,1.1394,1.1161,1.1414,1.1225,1.0789,1.0835,1.0958,1.0927,1.0914,1.081,1.047,1.047,1.0444,1.0602,1.0779,1.0898,1.0629,1.0768,1.0712,1.0645,1.0827,1.0822,1.0582,1.0483,1.0486,1.058,1.0787,1.0852,1.0646,1.0913,1.0965,,,,,,,,,,,,
SCHLUMBERGER TECHNOLOGY CORPORATION,A2,M.Yield,,,,0.057552,0.056547,0.054897,0.052595,0.046263,0.04386,0.04473,0.047226,0.041985,0.043631,0.040855,0.042104,0.04095,0.035466,0.036124,0.048311,0.049613,0.042459,0.044958,0.046284,0.044049,0.042622,0.040988,0.039322,0.047333,0.04975,0.048728,0.046918,0.042748,0.043231,0.042134,0.045219,0.044098,0.043651,0.045605,0.048828,0.045248,0.04363,0.042914,0.047304,0.043915,0.047704,0.050366,0.050335,0.049078,0.050322,0.051354,0.054115,0.055323,0.056249,0.0577,0.055579,0.053113,0.051755,0.0515,0.049576,0.051783,0.054063,0.051149,0.052343,0.051429,0.05466,0.055737,0.054647,0.050971,0.050542,0.048736,0.043375,0.043093,,,,,,,,,,,,
SCHLUMBERGER TECHNOLOGY CORPORATION,A2,LS.Price,,,,0.84723,0.84709,0.83966,0.83749,0.86045,0.86718,0.84105,0.87218,0.88079,1.0043,1.0479,1.0298,1.025,1.093,1.091,1.0175,1.0345,1.0797,1.0288,1.0276,1.0706,1.1652,1.1829,1.2015,1.1109,1.1006,1.1117,1.1293,1.1635,1.1671,1.1437,1.1267,1.1386,1.1412,1.1325,1.1155,1.1121,1.1266,1.1377,1.1141,1.1402,1.122,1.0776,1.0829,1.088,1.0909,1.0833,1.0799,1.047,1.047,1.0437,1.0599,1.0762,1.0886,1.0602,1.0739,1.0499,1.0526,1.0635,1.0742,1.0436,1.0444,1.0471,1.0571,1.0755,1.086,1.0639,1.0769,1.0942,,,,,,,,,,,,
SCHLUMBERGER TECHNOLOGY CORPORATION,A2,LS.Yield,,,,0.08683,0.087898,0.090234,0.091656,0.088976,0.088781,0.088766,0.084637,0.084175,0.066036,0.060585,0.063899,0.060714,0.052188,0.053066,0.064111,0.062486,0.05666,0.060049,0.061028,0.055483,0.043145,0.041333,0.039423,0.047832,0.049975,0.048998,0.047173,0.0429,0.042966,0.04228,0.04531,0.044198,0.04444,0.046377,0.049728,0.0459,0.04424,0.043166,0.047657,0.044091,0.047785,0.05058,0.050417,0.050418,0.050686,0.052827,0.054368,0.055326,0.05626,0.057842,0.055672,0.053431,0.051975,0.052045,0.05017,0.056225,0.056609,0.055243,0.054054,0.054627,0.055548,0.056085,0.05485,0.051706,0.050324,0.048901,0.046811,0.043677,,,,,,,,,,,,
SCHLUMBERGER TECHNOLOGY CORPORATION,A2,RF.Price,,,,1.053,1.0671,1.0869,1.1128,1.1738,1.2025,1.1561,1.14,1.19,1.1788,1.2073,1.2062,1.1781,1.229,1.2273,1.1339,1.1306,1.1941,1.1387,1.1334,1.1546,1.1693,1.1859,1.2053,1.1145,1.1022,1.1136,1.1311,1.1649,1.168,1.1449,1.1275,1.1393,1.1465,1.1375,1.1228,1.1162,1.1307,1.1394,1.1161,1.1414,1.1235,1.0789,1.0835,1.0958,1.0927,1.0914,1.0823,1.047,1.047,1.0444,1.0602,1.0779,1.0915,1.0629,1.0768,1.0713,1.0648,1.0837,1.087,1.0582,1.0483,1.0486,1.058,1.079,1.0883,1.0646,1.0913,1.0965,,,,,,,,,,,,
SCHLUMBERGER TECHNOLOGY CORPORATION,A2,RF.Yield,,,,0.057399,0.056241,0.054439,0.051811,0.045175,0.042272,0.044379,0.04688,0.041424,0.043239,0.040328,0.040959,0.040917,0.035399,0.035997,0.048023,0.049104,0.041437,0.044917,0.04617,0.043964,0.042619,0.040949,0.038942,0.047333,0.04975,0.048727,0.046908,0.0427,0.042827,0.042134,0.045218,0.044098,0.04365,0.045599,0.048579,0.045248,0.04363,0.042914,0.047304,0.043912,0.047549,0.050366,0.050335,0.049078,0.050321,0.051346,0.053878,0.055323,0.056249,0.0577,0.055579,0.053105,0.051389,0.0515,0.049576,0.051767,0.054034,0.050955,0.051295,0.051428,0.054659,0.055735,0.054634,0.050883,0.049804,0.048736,0.043375,0.043092,,,,,,,,,,,,
SCHLUMBERGER TECHNOLOGY CORPORATION,A2,Act.Price,,,,1.0174,1.0431,1.0574,1.0823,1.1208,1.1577,1.1082,1.1028,1.1377,1.1316,1.1613,1.16,1.1369,1.1793,1.1751,1.1127,1.1073,1.1639,1.1168,1.1146,1.1286,1.1432,1.1576,1.1736,1.1001,1.0889,1.1026,1.1169,1.1458,1.1528,1.1279,1.1132,1.1289,1.1407,1.128,1.1244,1.1175,1.1178,1.1233,1.1144,1.1364,1.1191,1.0769,1.0843,1.1002,1.0921,1.0977,1.0903,1.0536,1.05,1.0541,1.0686,1.0763,1.0907,1.0622,1.0725,1.0678,1.0669,1.0857,1.0893,1.0615,1.0515,1.0546,1.0717,1.0909,1.096,1.0713,1.1064,1.1082,,,,,,,,,,,,
SCHLUMBERGER TECHNOLOGY CORPORATION,A2,Act.Yield,,,,0.061957,0.059324,0.058145,0.055586,0.051462,0.047543,0.050147,0.051413,0.047677,0.049006,0.045827,0.04657,0.045933,0.041282,0.04224,0.050787,0.052229,0.045307,0.047806,0.0487,0.047412,0.046084,0.044715,0.043109,0.049365,0.051645,0.05032,0.048963,0.045418,0.045022,0.044572,0.047325,0.045646,0.044533,0.047043,0.048306,0.045052,0.045628,0.045432,0.047613,0.044724,0.048275,0.050711,0.050199,0.048297,0.050423,0.050215,0.052424,0.054112,0.055693,0.055796,0.053957,0.053401,0.051557,0.051634,0.050477,0.052468,0.053557,0.050509,0.050804,0.05067,0.053933,0.054394,0.051494,0.048144,0.04798,0.047161,0.03984,0.040322,,,,,,,,,,,,
SCHLUMBERGER TECHNOLOGY CORPORATION,A2,r0,,,,0.015236,0.015239,0.014835,0.015362,0.015514,0.015485,0.013951,0.011193,0.011315,0.010554,0.01074,0.010035,0.010166,0.010244,0.0089655,0.0075532,0.0074377,0.0087469,0.0084906,0.0084161,0.0082146,0.0081144,0.008204,0.0084614,0.0083106,0.0097108,0.012995,0.014158,0.016442,0.018387,0.020517,0.022958,0.024704,0.026113,0.027114,0.028516,0.030987,0.031881,0.034366,0.035309,0.03761,0.039237,0.041134,0.043359,0.044672,0.046813,0.046826,0.049433,0.052904,0.054138,0.055371,0.055856,0.054933,0.054652,0.054584,0.054785,0.054845,0.054889,0.05472,0.054889,0.054336,0.055045,0.054674,0.053892,0.061543,0.054026,0.047723,0.055417,0.049845,,,,,,,,,,,,
,,,,,,,,,,,,,,,,,,,,,,,,,,,,,,,,,,,,,,,,,,,,,,,,,,,,,,,,,,,,,,,,,,,,,,,,,,,,,,,,,,,,,,
,,,31/01/2002,28/02/2002,31/03/2002,30/04/2002,31/05/2002,30/06/2002,31/07/2002,31/08/2002,30/09/2002,31/10/2002,30/11/2002,31/12/2002,31/01/2003,28/02/2003,31/03/2003,30/04/2003,31/05/2003,30/06/2003,31/07/2003,31/08/2003,30/09/2003,31/10/2003,30/11/2003,31/12/2003,31/01/2004,29/02/2004,31/03/2004,30/04/2004,01/06/2004,30/06/2004,02/08/2004,31/08/2004,30/09/2004,01/11/2004,30/11/2004,31/12/2004,31/01/2005,28/02/2005,31/03/2005,02/05/2005,31/05/2005,30/06/2005,01/08/2005,31/08/2005,30/09/2005,31/10/2005,30/11/2005,03/01/2006,31/01/2006,28/02/2006,31/03/2006,01/05/2006,31/05/2006,30/06/2006,31/07/2006,31/08/2006,02/10/2006,31/10/2006,30/11/2006,03/01/2007,31/01/2007,28/02/2007,31/03/2007,30/04/2007,31/05/2007,30/06/2007,31/07/2007,31/08/2007,30/09/2007,31/10/2007,30/11/2007,31/12/2007,31/01/2008,29/02/2008,31/03/2008,30/04/2008,31/05/2008,30/06/2008,31/07/2008,31/08/2008,30/09/2008,31/10/2008,30/11/2008,31/12/2008
SK TELECOM COMPANY LIMITED,A2,PP.Price,,,,,,,,,,,,,,,,,,,,,,,,,,,1.0435,0.98024,0.96918,0.97738,0.99193,1.0195,1.0145,1.0106,0.99476,1.0037,1.0081,0.99946,0.9803,0.98849,0.99973,1.0066,0.98813,1.0075,0.98658,0.96404,0.96805,0.97806,0.97603,0.97518,0.96184,0.94691,0.94699,0.94445,0.95752,0.97175,0.96176,0.96531,0.97656,,,,,,,,,,,,,,,,,,,,,,,,,
SK TELECOM COMPANY LIMITED,A2,PP.Yield,,,,,,,,,,,,,,,,,,,,,,,,,,,0.038426,0.045876,0.048488,0.047699,0.045897,0.041728,0.043197,0.040818,0.044233,0.043262,0.043154,0.0454,0.049809,0.044896,0.043415,0.042779,0.047205,0.044048,0.049133,0.050248,0.050245,0.049061,0.05031,0.051391,0.055462,0.055016,0.056023,0.057711,0.055634,0.053194,0.05151,0.051602,0.049729,,,,,,,,,,,,,,,,,,,,,,,,,
SK TELECOM COMPANY LIMITED,A2,M.Price,,,,,,,,,,,,,,,,,,,,,,,,,,,1.0433,0.98017,0.96907,0.97718,0.99146,1.0189,1.0143,1.0106,0.99468,1.0036,1.0079,0.99903,0.98005,0.98848,0.99971,1.0066,0.98795,1.0071,0.98632,0.96403,0.96803,0.97806,0.97602,0.97506,0.96136,0.94691,0.94699,0.94445,0.95751,0.97159,0.96176,0.96531,0.97656,,,,,,,,,,,,,,,,,,,,,,,,,
SK TELECOM COMPANY LIMITED,A2,M.Yield,,,,,,,,,,,,,,,,,,,,,,,,,,,0.038489,0.045919,0.048504,0.047723,0.045975,0.041829,0.043238,0.040812,0.044254,0.043307,0.043185,0.045459,0.049882,0.044898,0.04342,0.042765,0.047237,0.04414,0.049186,0.05025,0.050249,0.049062,0.050312,0.051415,0.055572,0.055016,0.056023,0.057711,0.055636,0.053219,0.05151,0.051602,0.049729,,,,,,,,,,,,,,,,,,,,,,,,,
SK TELECOM COMPANY LIMITED,A2,LS.Price,,,,,,,,,,,,,,,,,,,,,,,,,,,1.0029,0.93613,0.93758,0.94214,0.94001,0.97828,0.98383,0.97466,0.96997,0.98025,0.99032,0.98395,0.96735,0.97155,0.98642,0.99457,0.97629,0.9976,0.98494,0.95114,0.9588,0.97441,0.97528,0.9721,0.96758,0.94691,0.94699,0.94422,0.95742,0.97102,0.96069,0.96422,0.97527,,,,,,,,,,,,,,,,,,,,,,,,,
SK TELECOM COMPANY LIMITED,A2,LS.Yield,,,,,,,,,,,,,,,,,,,,,,,,,,,0.04504,0.053532,0.05406,0.053984,0.055222,0.048966,0.048667,0.047227,0.048763,0.047599,0.046457,0.048341,0.052375,0.048189,0.045989,0.045121,0.0496,0.046064,0.049483,0.053047,0.052254,0.049871,0.050503,0.05208,0.054105,0.055017,0.056024,0.057767,0.055629,0.053351,0.051766,0.051877,0.050058,,,,,,,,,,,,,,,,,,,,,,,,,
SK TELECOM COMPANY LIMITED,A2,RF.Price,,,,,,,,,,,,,,,,,,,,,,,,,,,1.0521,0.98028,0.96927,0.97762,0.99306,1.0218,1.0233,1.0107,0.99483,1.0039,1.0084,1.0005,0.98857,0.9885,0.99974,1.0067,0.98833,1.0085,0.99469,0.96404,0.96806,0.97806,0.97603,0.97524,0.96856,0.94691,0.94699,0.94445,0.95752,0.97186,0.96176,0.96531,0.97656,,,,,,,,,,,,,,,,,,,,,,,,,
SK TELECOM COMPANY LIMITED,A2,RF.Yield,,,,,,,,,,,,,,,,,,,,,,,,,,,0.037073,0.045869,0.048473,0.047663,0.045703,0.041314,0.041668,0.04081,0.04421,0.043239,0.043083,0.045194,0.048213,0.044895,0.043413,0.042765,0.047154,0.043859,0.047465,0.050248,0.050243,0.049061,0.05031,0.051378,0.05388,0.055016,0.056023,0.057711,0.055633,0.053149,0.05151,0.051602,0.049729,,,,,,,,,,,,,,,,,,,,,,,,,
SK TELECOM COMPANY LIMITED,A2,Act.Price,,,,,,,,,,,,,,,,,,,,,,,,,,,1.0061,0.95317,0.93488,0.94498,0.95612,0.98528,0.97364,0.98544,0.97963,0.98837,0.99135,0.98038,0.95379,0.97443,0.98341,0.9908,0.97642,0.99207,0.96281,0.95192,0.95868,0.96667,0.96556,0.9661,0.93349,0.93567,0.93704,0.93746,0.95038,0.96658,0.95601,0.95958,0.97486,,,,,,,,,,,,,,,,,,,,,,,,,
SK TELECOM COMPANY LIMITED,A2,Act.Yield,,,,,,,,,,,,,,,,,,,,,,,,,,,0.044512,0.050515,0.054534,0.053475,0.052246,0.047691,0.050502,0.04527,0.046974,0.046088,0.046243,0.048993,0.055062,0.047641,0.046591,0.045856,0.049579,0.047188,0.054165,0.052869,0.052278,0.051569,0.052675,0.053437,0.062208,0.057677,0.058447,0.059435,0.057405,0.054498,0.052935,0.053046,0.050194,,,,,,,,,,,,,,,,,,,,,,,,,
SK TELECOM COMPANY LIMITED,A2,r0,,,,,,,,,,,,,,,,,,,,,,,,,,,0.0084614,0.0083106,0.0097108,0.012995,0.014158,0.016442,0.018387,0.020517,0.022958,0.024704,0.026113,0.027114,0.028516,0.030987,0.031881,0.034366,0.035309,0.03761,0.039237,0.041134,0.043359,0.044672,0.046813,0.046826,0.049433,0.052904,0.054138,0.055371,0.055856,0.054933,0.054652,0.054584,0.054785,,,,,,,,,,,,,,,,,,,,,,,,,
,,,,,,,,,,,,,,,,,,,,,,,,,,,,,,,,,,,,,,,,,,,,,,,,,,,,,,,,,,,,,,,,,,,,,,,,,,,,,,,,,,,,,,
,,,31/01/2002,28/02/2002,31/03/2002,30/04/2002,31/05/2002,30/06/2002,31/07/2002,31/08/2002,30/09/2002,31/10/2002,30/11/2002,31/12/2002,31/01/2003,28/02/2003,31/03/2003,30/04/2003,31/05/2003,30/06/2003,31/07/2003,31/08/2003,30/09/2003,31/10/2003,30/11/2003,31/12/2003,31/01/2004,29/02/2004,31/03/2004,30/04/2004,31/05/2004,30/06/2004,31/07/2004,31/08/2004,30/09/2004,01/11/2004,30/11/2004,31/12/2004,31/01/2005,28/02/2005,31/03/2005,02/05/2005,31/05/2005,30/06/2005,01/08/2005,31/08/2005,30/09/2005,31/10/2005,30/11/2005,03/01/2006,31/01/2006,28/02/2006,31/03/2006,01/05/2006,31/05/2006,30/06/2006,31/07/2006,31/08/2006,02/10/2006,31/10/2006,30/11/2006,03/01/2007,31/01/2007,28/02/2007,02/04/2007,30/04/2007,31/05/2007,02/07/2007,31/07/2007,31/08/2007,01/10/2007,31/10/2007,30/11/2007,31/12/2007,31/01/2008,29/02/2008,31/03/2008,30/04/2008,31/05/2008,30/06/2008,31/07/2008,31/08/2008,30/09/2008,31/10/2008,30/11/2008,31/12/2008
PUBLIC SERVICE ENTERPRISE GROUP INCORPORATED,A3,PP.Price,,,,,,,,,,,,,,,,,,,,,,,,,,,,,,,,1.0291,1.0364,1.0435,1.0291,1.0447,1.0558,1.0239,1.0058,1.0361,1.055,1.0655,1.0346,1.0421,1.0183,1.002,1.0067,1.0204,1.0126,0.9885,0.97498,0.96478,0.96497,0.96312,0.97901,0.97834,0.99404,0.99766,1.0146,1.0042,0.99103,0.99313,0.99513,0.99859,0.9826,0.97783,0.98803,0.99408,1.0041,1.0111,1.0511,1.0559,,,,,,,,,,,,
PUBLIC SERVICE ENTERPRISE GROUP INCORPORATED,A3,PP.Yield,,,,,,,,,,,,,,,,,,,,,,,,,,,,,,,,0.046021,0.045597,0.045248,0.047518,0.046082,0.045183,0.04654,0.049406,0.046003,0.044049,0.043229,0.047791,0.044004,0.047708,0.050528,0.050453,0.049172,0.050827,0.051306,0.053922,0.056152,0.056793,0.057806,0.056025,0.052956,0.051269,0.051343,0.049342,0.05169,0.054485,0.050733,0.05118,0.051262,0.054637,0.056266,0.055253,0.050689,0.049735,0.049241,0.043162,0.042985,,,,,,,,,,,,
PUBLIC SERVICE ENTERPRISE GROUP INCORPORATED,A3,M.Price,,,,,,,,,,,,,,,,,,,,,,,,,,,,,,,,1.0291,1.0364,1.0435,1.0291,1.0446,1.0554,1.0239,1.0058,1.0361,1.055,1.0655,1.0343,1.0421,1.0183,1.002,1.0067,1.02,1.012,0.9885,0.97496,0.9647,0.9648,0.96276,0.97833,0.97834,0.99403,0.99762,1.0145,1.0037,0.99026,0.99313,0.99513,0.99859,0.98258,0.97772,0.98739,0.99408,1.0041,1.0111,1.0511,1.0558,,,,,,,,,,,,
PUBLIC SERVICE ENTERPRISE GROUP INCORPORATED,A3,M.Yield,,,,,,,,,,,,,,,,,,,,,,,,,,,,,,,,0.046021,0.045597,0.045249,0.04752,0.046088,0.045242,0.04654,0.049406,0.046003,0.04405,0.043232,0.047846,0.044004,0.047708,0.050528,0.050454,0.049255,0.050959,0.051306,0.053926,0.056167,0.056821,0.057843,0.05616,0.052957,0.051272,0.051317,0.049354,0.051787,0.054608,0.050733,0.05118,0.051262,0.054639,0.056288,0.055366,0.050689,0.049735,0.049241,0.043163,0.043023,,,,,,,,,,,,
PUBLIC SERVICE ENTERPRISE GROUP INCORPORATED,A3,LS.Price,,,,,,,,,,,,,,,,,,,,,,,,,,,,,,,,0.97489,0.98362,1.0403,0.97706,1.0071,0.92469,0.85681,0.82268,0.93122,0.94429,1.0086,0.92474,0.96537,0.93152,0.89647,0.92881,0.82197,0.89804,0.75602,0.81799,0.96478,0.96459,0.89169,0.94351,0.8606,0.80177,0.79889,0.79581,0.89792,0.96809,0.88927,0.93641,0.89537,0.98178,0.97789,0.98958,0.94664,0.96687,1.0111,0.82516,1.0304,,,,,,,,,,,,
PUBLIC SERVICE ENTERPRISE GROUP INCORPORATED,A3,LS.Yield,,,,,,,,,,,,,,,,,,,,,,,,,,,,,,,,0.052832,0.05224,0.045658,0.054283,0.05088,0.062904,0.070068,0.076418,0.060365,0.059103,0.050712,0.063456,0.05449,0.060078,0.066253,0.061939,0.080707,0.068434,0.090409,0.079752,0.056152,0.056874,0.069529,0.061723,0.07244,0.084519,0.086158,0.08791,0.069623,0.058242,0.068377,0.060997,0.069134,0.054772,0.056253,0.054982,0.058947,0.056178,0.049241,0.086029,0.047311,,,,,,,,,,,,
PUBLIC SERVICE ENTERPRISE GROUP INCORPORATED,A3,RF.Price,,,,,,,,,,,,,,,,,,,,,,,,,,,,,,,,1.0291,1.0364,1.0435,1.0292,1.0448,1.0578,1.0239,1.0058,1.0361,1.055,1.0655,1.0358,1.0421,1.0183,1.002,1.0067,1.0213,1.016,0.9885,0.97499,0.96483,0.96514,0.96369,0.98211,0.97834,0.99405,0.99769,1.0147,1.0049,0.99425,0.99313,0.99513,0.99859,0.9826,0.9779,0.98958,0.99408,1.0041,1.0111,1.0511,1.0559,,,,,,,,,,,,
PUBLIC SERVICE ENTERPRISE GROUP INCORPORATED,A3,RF.Yield,,,,,,,,,,,,,,,,,,,,,,,,,,,,,,,,0.046021,0.045597,0.045247,0.047502,0.046077,0.044936,0.04654,0.049406,0.046003,0.044048,0.043225,0.047622,0.044004,0.047708,0.050528,0.050453,0.049069,0.050371,0.051306,0.053921,0.056142,0.056765,0.057734,0.055571,0.052956,0.051268,0.051339,0.049335,0.051591,0.053951,0.050733,0.05118,0.051262,0.054636,0.056253,0.054982,0.050689,0.049735,0.049241,0.043162,0.042982,,,,,,,,,,,,
PUBLIC SERVICE ENTERPRISE GROUP INCORPORATED,A3,Act.Price,,,,,,,,,,,,,,,,,,,,,,,,,,,,,,,,1.0092,1.0181,1.025,1.0146,1.0312,1.0414,1.0055,0.9976,1.0188,1.0367,1.0456,1.0242,1.0254,1.0035,0.99134,1.0001,1.0043,0.99965,0.97515,0.96648,0.9544,0.96017,0.96333,0.97442,0.97023,0.98165,0.98635,1.0002,0.99368,0.98989,0.98256,0.9832,0.98693,0.97766,0.97466,0.98076,0.96901,0.96442,0.98201,1.003,1.0062,,,,,,,,,,,,
PUBLIC SERVICE ENTERPRISE GROUP INCORPORATED,A3,Act.Yield,,,,,,,,,,,,,,,,,,,,,,,,,,,,,,,,0.048471,0.047867,0.047534,0.04934,0.047765,0.046985,0.048886,0.050495,0.048268,0.046417,0.045782,0.049199,0.046209,0.049728,0.052042,0.051353,0.051474,0.052735,0.053221,0.055193,0.057748,0.057555,0.057768,0.05675,0.054223,0.053155,0.053079,0.051578,0.053395,0.054667,0.052423,0.053107,0.053142,0.055466,0.056796,0.056494,0.055006,0.056604,0.05427,0.051341,0.051563,,,,,,,,,,,,
PUBLIC SERVICE ENTERPRISE GROUP INCORPORATED,A3,r0,,,,,,,,,,,,,,,,,,,,,,,,,,,,,,,,0.016442,0.018387,0.020517,0.022958,0.024704,0.026113,0.027114,0.028516,0.030987,0.031881,0.034366,0.035309,0.03761,0.039237,0.041134,0.043359,0.044672,0.046813,0.046826,0.049433,0.052904,0.054138,0.055371,0.055856,0.054933,0.054652,0.054584,0.054785,0.054845,0.054889,0.05472,0.054889,0.054336,0.055045,0.054674,0.053892,0.061543,0.054026,0.047723,0.055417,0.049845,,,,,,,,,,,,
,,,,,,,,,,,,,,,,,,,,,,,,,,,,,,,,,,,,,,,,,,,,,,,,,,,,,,,,,,,,,,,,,,,,,,,,,,,,,,,,,,,,,,
,,,31/01/2002,28/02/2002,31/03/2002,30/04/2002,31/05/2002,30/06/2002,31/07/2002,31/08/2002,30/09/2002,31/10/2002,30/11/2002,31/12/2002,31/01/2003,28/02/2003,31/03/2003,30/04/2003,31/05/2003,30/06/2003,31/07/2003,31/08/2003,30/09/2003,31/10/2003,30/11/2003,31/12/2003,31/01/2004,29/02/2004,31/03/2004,30/04/2004,31/05/2004,30/06/2004,31/07/2004,31/08/2004,30/09/2004,31/10/2004,30/11/2004,31/12/2004,31/01/2005,28/02/2005,31/03/2005,30/04/2005,31/05/2005,30/06/2005,31/07/2005,31/08/2005,30/09/2005,31/10/2005,30/11/2005,31/12/2005,31/01/2006,28/02/2006,31/03/2006,30/04/2006,31/05/2006,30/06/2006,31/07/2006,31/08/2006,30/09/2006,31/10/2006,30/11/2006,31/12/2006,31/01/2007,28/02/2007,31/03/2007,30/04/2007,31/05/2007,30/06/2007,31/07/2007,31/08/2007,30/09/2007,31/10/2007,30/11/2007,31/12/2007,31/01/2008,29/02/2008,31/03/2008,30/04/2008,31/05/2008,30/06/2008,31/07/2008,31/08/2008,30/09/2008,31/10/2008,30/11/2008,31/12/2008
COCA-COLA COMPANY (THE),Aa3,PP.Price,,,,,,,,,,,,,,,,,,,,,,,,,,,,,,,,,,,,,,,,,,,,,,,,,,,,,,,,,,,,,,,,,,,,,,1.0477,1.0821,1.0867,,,,,,,,,,,,
COCA-COLA COMPANY (THE),Aa3,PP.Yield,,,,,,,,,,,,,,,,,,,,,,,,,,,,,,,,,,,,,,,,,,,,,,,,,,,,,,,,,,,,,,,,,,,,,,0.049862,0.043042,0.042942,,,,,,,,,,,,
COCA-COLA COMPANY (THE),Aa3,M.Price,,,,,,,,,,,,,,,,,,,,,,,,,,,,,,,,,,,,,,,,,,,,,,,,,,,,,,,,,,,,,,,,,,,,,,1.0477,1.0821,1.0867,,,,,,,,,,,,
COCA-COLA COMPANY (THE),Aa3,M.Yield,,,,,,,,,,,,,,,,,,,,,,,,,,,,,,,,,,,,,,,,,,,,,,,,,,,,,,,,,,,,,,,,,,,,,,0.049862,0.043042,0.042942,,,,,,,,,,,,
COCA-COLA COMPANY (THE),Aa3,LS.Price,,,,,,,,,,,,,,,,,,,,,,,,,,,,,,,,,,,,,,,,,,,,,,,,,,,,,,,,,,,,,,,,,,,,,,1.0477,1.0797,1.0867,,,,,,,,,,,,
COCA-COLA COMPANY (THE),Aa3,LS.Yield,,,,,,,,,,,,,,,,,,,,,,,,,,,,,,,,,,,,,,,,,,,,,,,,,,,,,,,,,,,,,,,,,,,,,,0.049862,0.043302,0.042942,,,,,,,,,,,,
COCA-COLA COMPANY (THE),Aa3,RF.Price,,,,,,,,,,,,,,,,,,,,,,,,,,,,,,,,,,,,,,,,,,,,,,,,,,,,,,,,,,,,,,,,,,,,,,1.0477,1.0821,1.0867,,,,,,,,,,,,
COCA-COLA COMPANY (THE),Aa3,RF.Yield,,,,,,,,,,,,,,,,,,,,,,,,,,,,,,,,,,,,,,,,,,,,,,,,,,,,,,,,,,,,,,,,,,,,,,0.049862,0.043042,0.042942,,,,,,,,,,,,
COCA-COLA COMPANY (THE),Aa3,Act.Price,,,,,,,,,,,,,,,,,,,,,,,,,,,,,,,,,,,,,,,,,,,,,,,,,,,,,,,,,,,,,,,,,,,,,,0.99367,1.0235,1.0338,,,,,,,,,,,,
COCA-COLA COMPANY (THE),Aa3,Act.Yield,,,,,,,,,,,,,,,,,,,,,,,,,,,,,,,,,,,,,,,,,,,,,,,,,,,,,,,,,,,,,,,,,,,,,,0.056739,0.05006,0.049334,,,,,,,,,,,,
COCA-COLA COMPANY (THE),Aa3,r0,,,,,,,,,,,,,,,,,,,,,,,,,,,,,,,,,,,,,,,,,,,,,,,,,,,,,,,,,,,,,,,,,,,,,,0.047723,0.055417,0.049845,,,,,,,,,,,,
,,,,,,,,,,,,,,,,,,,,,,,,,,,,,,,,,,,,,,,,,,,,,,,,,,,,,,,,,,,,,,,,,,,,,,,,,,,,,,,,,,,,,,
,,,31/01/2002,28/02/2002,31/03/2002,30/04/2002,31/05/2002,30/06/2002,31/07/2002,31/08/2002,30/09/2002,31/10/2002,30/11/2002,31/12/2002,31/01/2003,28/02/2003,31/03/2003,30/04/2003,31/05/2003,30/06/2003,31/07/2003,31/08/2003,30/09/2003,31/10/2003,01/12/2003,31/12/2003,02/02/2004,01/03/2004,31/03/2004,30/04/2004,01/06/2004,30/06/2004,02/08/2004,31/08/2004,30/09/2004,01/11/2004,30/11/2004,31/12/2004,31/01/2005,28/02/2005,31/03/2005,02/05/2005,31/05/2005,30/06/2005,01/08/2005,31/08/2005,30/09/2005,31/10/2005,30/11/2005,03/01/2006,31/01/2006,28/02/2006,31/03/2006,01/05/2006,31/05/2006,30/06/2006,31/07/2006,31/08/2006,02/10/2006,31/10/2006,30/11/2006,03/01/2007,31/01/2007,28/02/2007,02/04/2007,30/04/2007,31/05/2007,02/07/2007,31/07/2007,31/08/2007,01/10/2007,31/10/2007,30/11/2007,31/12/2007,31/01/2008,29/02/2008,31/03/2008,30/04/2008,31/05/2008,30/06/2008,31/07/2008,31/08/2008,30/09/2008,31/10/2008,30/11/2008,31/12/2008
MILLICOM INTERNATIONAL CELLULAR SA,B1,PP.Price,,,,,,,,,,,,,,,,,,,,,,,1.4045,1.4288,1.4482,1.4681,1.491,1.4172,1.358,1.3746,1.3946,1.4352,1.4411,1.448,1.4152,1.403,1.4137,1.4018,1.3784,1.407,1.4166,1.4003,1.3678,1.4005,1.372,1.3507,1.3458,1.3345,1.3295,1.3273,1.3134,1.3043,1.2875,1.2541,1.2751,1.2991,1.3168,1.3206,1.3234,1.281,1.2702,1.2959,1.2979,1.299,1.269,1.2372,1.2496,1.28,1.2904,1.2983,1.3236,1.2999,,,,,,,,,,,,
MILLICOM INTERNATIONAL CELLULAR SA,B1,PP.Yield,,,,,,,,,,,,,,,,,,,,,,,0.047853,0.045984,0.044647,0.043171,0.04144,0.049481,0.051133,0.049933,0.048432,0.044702,0.044626,0.044481,0.048626,0.045085,0.044467,0.046345,0.049669,0.04705,0.046569,0.043274,0.047686,0.044442,0.048478,0.051855,0.053191,0.049087,0.050358,0.051291,0.053945,0.056021,0.059207,0.057694,0.055572,0.053054,0.051391,0.051634,0.052018,0.051822,0.05417,0.051144,0.051737,0.052339,0.058007,0.056058,0.05495,0.050996,0.050207,0.049768,0.0465,0.04304,,,,,,,,,,,,
MILLICOM INTERNATIONAL CELLULAR SA,B1,M.Price,,,,,,,,,,,,,,,,,,,,,,,1.402,1.4242,1.4459,1.4659,1.488,1.414,1.3574,1.3735,1.3918,1.4313,1.4374,1.4443,1.4136,1.4022,1.4125,1.4005,1.3766,1.4049,1.4153,1.3991,1.3667,1.3988,1.3701,1.3487,1.345,1.3343,1.3294,1.3271,1.313,1.3032,1.2867,1.2541,1.275,1.2988,1.3162,1.3195,1.3225,1.2808,1.27,1.2956,1.2975,1.2984,1.2688,1.2371,1.2495,1.2797,1.29,1.2979,1.3234,1.2998,,,,,,,,,,,,
MILLICOM INTERNATIONAL CELLULAR SA,B1,M.Yield,,,,,,,,,,,,,,,,,,,,,,,0.04809,0.046429,0.044899,0.043383,0.041719,0.049817,0.051174,0.050027,0.048729,0.045085,0.044998,0.044882,0.048799,0.045153,0.044629,0.046514,0.04987,0.047291,0.046718,0.04341,0.047828,0.044661,0.048717,0.052112,0.053321,0.049112,0.050374,0.051324,0.054005,0.05616,0.059325,0.057696,0.055618,0.053091,0.051467,0.051785,0.052146,0.051853,0.054219,0.051198,0.051797,0.052445,0.058033,0.05607,0.054977,0.051041,0.050276,0.049863,0.046535,0.043043,,,,,,,,,,,,
MILLICOM INTERNATIONAL CELLULAR SA,B1,LS.Price,,,,,,,,,,,,,,,,,,,,,,,1.3464,1.3404,1.3296,1.3843,1.4011,1.3739,1.3186,1.3137,1.2851,1.3209,1.3659,1.3935,1.3929,1.3624,1.1773,1.1794,1.1366,1.141,1.162,1.1411,1.1572,1.1602,1.1334,1.1318,1.1965,1.206,1.2789,1.2572,1.2808,1.2997,1.2968,1.2328,1.2399,1.255,1.2676,1.2897,1.3118,1.0985,1.1332,1.1431,1.1771,1.1705,1.2119,1.1877,1.1805,1.1783,1.1957,1.2698,1.2314,1.2441,,,,,,,,,,,,
MILLICOM INTERNATIONAL CELLULAR SA,B1,LS.Yield,,,,,,,,,,,,,,,,,,,,,,,0.053826,0.055101,0.056981,0.051713,0.05056,0.054136,0.055443,0.056645,0.060751,0.057297,0.052813,0.050432,0.051119,0.049583,0.073384,0.074021,0.081224,0.081785,0.079774,0.076574,0.075333,0.075955,0.08108,0.082558,0.073836,0.06628,0.057022,0.060787,0.058386,0.056635,0.057905,0.060766,0.060661,0.059366,0.058485,0.056104,0.053728,0.080985,0.076131,0.075573,0.071067,0.073326,0.067435,0.064198,0.066502,0.068069,0.066161,0.054478,0.06215,0.052261,,,,,,,,,,,,
MILLICOM INTERNATIONAL CELLULAR SA,B1,RF.Price,,,,,,,,,,,,,,,,,,,,,,,1.4047,1.4294,1.4495,1.4694,1.4939,1.4225,1.3581,1.3749,1.3964,1.439,1.4455,1.4558,1.4363,1.4033,1.4159,1.4049,1.3847,1.4196,1.4404,1.4023,1.3698,1.4047,1.3792,1.362,1.368,1.3347,1.3296,1.3274,1.3137,1.3059,1.3064,1.2541,1.2752,1.2992,1.3173,1.3222,1.3414,1.282,1.2716,1.2978,1.3012,1.3058,1.2902,1.2374,1.2503,1.2813,1.2931,1.3028,1.3439,1.2999,,,,,,,,,,,,
MILLICOM INTERNATIONAL CELLULAR SA,B1,RF.Yield,,,,,,,,,,,,,,,,,,,,,,,0.047837,0.045939,0.044516,0.043048,0.041157,0.048911,0.051118,0.049873,0.04824,0.044289,0.044155,0.043637,0.046314,0.045023,0.044245,0.046025,0.048949,0.045618,0.04381,0.043031,0.047465,0.043967,0.047622,0.050432,0.050383,0.049073,0.050352,0.051336,0.053907,0.055775,0.056543,0.057693,0.055566,0.053033,0.051317,0.051386,0.04945,0.051657,0.05397,0.050844,0.051222,0.051304,0.054651,0.056056,0.054842,0.050782,0.049753,0.049026,0.043267,0.043027,,,,,,,,,,,,
MILLICOM INTERNATIONAL CELLULAR SA,B1,Act.Price,,,,,,,,,,,,,,,,,,,,,,,1.0378,1.0664,1.0647,1.0828,1.0764,1.0697,1.0283,1.0244,1.0178,1.0156,1.0394,1.0525,1.0331,1.0557,1.0597,1.0856,1.0544,1.0178,0.96055,0.96944,0.9775,0.98611,0.99444,1.0022,0.96111,0.96972,0.97722,0.98555,0.99444,1.0025,0.96111,0.96944,0.97722,0.98611,0.99444,1.0022,0.96111,0.97028,0.97778,0.98611,0.99444,1.0022,0.96111,0.96944,0.97722,0.98611,0.99417,1.0028,0.96111,0.96889,,,,,,,,,,,,
MILLICOM INTERNATIONAL CELLULAR SA,B1,Act.Yield,,,,,,,,,,,,,,,,,,,,,,,0.091876,0.088886,0.09034,0.088821,0.090896,0.093096,0.093152,0.094902,0.097331,0.098987,0.096469,0.095768,0.10028,0.089942,0.090603,0.087722,0.093951,0.10157,0.11343,0.10417,0.10433,0.1043,0.10432,0.10452,0.11398,0.10463,0.10466,0.10458,0.10457,0.10473,0.11465,0.10473,0.1049,0.10487,0.10503,0.10514,0.1155,0.10517,0.10524,0.10516,0.10537,0.10545,0.11643,0.10562,0.10568,0.10567,0.10584,0.10586,0.11755,0.1062,,,,,,,,,,,,
MILLICOM INTERNATIONAL CELLULAR SA,B1,r0,,,,,,,,,,,,,,,,,,,,,,,0.0084161,0.0082146,0.0081144,0.008204,0.0084614,0.0083106,0.0097108,0.012995,0.014158,0.016442,0.018387,0.020517,0.022958,0.024704,0.026113,0.027114,0.028516,0.030987,0.031881,0.034366,0.035309,0.03761,0.039237,0.041134,0.043359,0.044672,0.046813,0.046826,0.049433,0.052904,0.054138,0.055371,0.055856,0.054933,0.054652,0.054584,0.054785,0.054845,0.054889,0.05472,0.054889,0.054336,0.055045,0.054674,0.053892,0.061543,0.054026,0.047723,0.055417,0.049845,,,,,,,,,,,,
,,,,,,,,,,,,,,,,,,,,,,,,,,,,,,,,,,,,,,,,,,,,,,,,,,,,,,,,,,,,,,,,,,,,,,,,,,,,,,,,,,,,,,
,,,31/01/2002,28/02/2002,31/03/2002,30/04/2002,31/05/2002,30/06/2002,31/07/2002,31/08/2002,30/09/2002,31/10/2002,30/11/2002,31/12/2002,31/01/2003,28/02/2003,31/03/2003,30/04/2003,31/05/2003,30/06/2003,31/07/2003,31/08/2003,30/09/2003,31/10/2003,30/11/2003,31/12/2003,31/01/2004,01/03/2004,31/03/2004,30/04/2004,01/06/2004,30/06/2004,02/08/2004,31/08/2004,30/09/2004,01/11/2004,30/11/2004,31/12/2004,31/01/2005,28/02/2005,31/03/2005,02/05/2005,31/05/2005,30/06/2005,01/08/2005,31/08/2005,30/09/2005,31/10/2005,30/11/2005,03/01/2006,31/01/2006,28/02/2006,31/03/2006,01/05/2006,31/05/2006,30/06/2006,31/07/2006,31/08/2006,02/10/2006,31/10/2006,30/11/2006,03/01/2007,31/01/2007,28/02/2007,02/04/2007,30/04/2007,31/05/2007,02/07/2007,31/07/2007,31/08/2007,01/10/2007,31/10/2007,30/11/2007,31/12/2007,31/01/2008,29/02/2008,31/03/2008,30/04/2008,31/05/2008,30/06/2008,31/07/2008,31/08/2008,30/09/2008,31/10/2008,30/11/2008,31/12/2008
COMSTOCK RESOURCES INCORPORATED,B2,PP.Price,,,,,,,,,,,,,,,,,,,,,,,,,,1.1873,1.2068,1.1479,1.1353,1.146,1.1619,1.1845,1.1669,1.1764,1.1587,1.17,1.1716,1.1539,1.1193,1.1446,1.1581,1.166,1.1408,1.156,1.1183,1.1061,1.1105,1.1231,1.1189,1.106,1.0759,1.0735,1.0735,1.0707,1.0853,1.0913,1.0835,1.0875,1.1013,1.0906,1.0819,1.0919,1.0758,1.079,1.0688,1.0675,1.073,1.086,1.0762,1.0851,1.11,1.1139,,,,,,,,,,,,
COMSTOCK RESOURCES INCORPORATED,B2,PP.Yield,,,,,,,,,,,,,,,,,,,,,,,,,,0.040603,0.038565,0.047046,0.049504,0.048626,0.04705,0.044417,0.042628,0.041893,0.045042,0.044033,0.044437,0.047776,0.048532,0.045283,0.043834,0.043235,0.048029,0.046249,0.047513,0.050361,0.0504,0.049126,0.050608,0.053778,0.053878,0.055307,0.056222,0.057776,0.055917,0.055754,0.051434,0.051518,0.049638,0.052916,0.055717,0.054551,0.05171,0.05195,0.055341,0.056871,0.05667,0.054802,0.050035,0.048984,0.043969,0.044042,,,,,,,,,,,,
COMSTOCK RESOURCES INCORPORATED,B2,M.Price,,,,,,,,,,,,,,,,,,,,,,,,,,1.1873,1.2067,1.1478,1.1351,1.1454,1.1611,1.1841,1.1669,1.1764,1.1585,1.1696,1.1705,1.1535,1.1191,1.1442,1.1573,1.1651,1.1398,1.1556,1.1182,1.1058,1.11,1.1227,1.118,1.1055,1.0759,1.0734,1.0733,1.0703,1.0843,1.0907,1.0834,1.0874,1.1012,1.0893,1.0807,1.091,1.0749,1.078,1.0677,1.0662,1.0716,1.0852,1.0756,1.0845,1.1091,1.1128,,,,,,,,,,,,
COMSTOCK RESOURCES INCORPORATED,B2,M.Yield,,,,,,,,,,,,,,,,,,,,,,,,,,0.040606,0.038573,0.047068,0.049546,0.048692,0.047168,0.044495,0.042634,0.041904,0.045085,0.044088,0.04463,0.047838,0.048559,0.045338,0.043942,0.043364,0.048199,0.04633,0.047535,0.050407,0.050508,0.04919,0.050799,0.053883,0.053881,0.055314,0.05626,0.05783,0.056109,0.055882,0.05144,0.051531,0.04966,0.05319,0.055987,0.054767,0.051896,0.052151,0.055587,0.057158,0.057005,0.055021,0.050208,0.049108,0.044197,0.044305,,,,,,,,,,,,
COMSTOCK RESOURCES INCORPORATED,B2,LS.Price,,,,,,,,,,,,,,,,,,,,,,,,,,1.1585,1.177,1.129,1.1234,1.1242,1.145,1.1792,1.1551,1.1677,1.1499,1.1621,1.0077,1.0248,0.98383,1.0011,0.99556,1.0363,1.0236,1.0613,1.0298,1.0044,1.0205,1.0739,1.0844,1.0444,1.0305,1.0661,1.0607,1.0428,1.0638,1.0646,1.0278,1.0345,1.0489,0.97239,0.99436,0.96674,0.94834,0.95113,0.97987,0.97949,0.97009,0.98721,0.98816,1.0234,0.98602,1.0414,,,,,,,,,,,,
COMSTOCK RESOURCES INCORPORATED,B2,LS.Yield,,,,,,,,,,,,,,,,,,,,,,,,,,0.044407,0.042483,0.049685,0.051247,0.051782,0.049496,0.045186,0.044325,0.043153,0.046367,0.04519,0.071266,0.069202,0.071443,0.069414,0.071451,0.065061,0.068512,0.062608,0.063042,0.068873,0.066875,0.057974,0.056897,0.06551,0.062575,0.056694,0.058707,0.063347,0.060212,0.061192,0.062827,0.062548,0.060573,0.07937,0.075511,0.083715,0.081484,0.082275,0.07666,0.078438,0.08253,0.079787,0.072082,0.064394,0.075905,0.062576,,,,,,,,,,,,
COMSTOCK RESOURCES INCORPORATED,B2,RF.Price,,,,,,,,,,,,,,,,,,,,,,,,,,1.1873,1.2068,1.148,1.1356,1.1468,1.1645,1.1984,1.1669,1.1765,1.1589,1.1706,1.1776,1.1685,1.1194,1.1453,1.1597,1.1683,1.1453,1.1705,1.1184,1.1064,1.1111,1.1234,1.1205,1.1193,1.0759,1.0735,1.0735,1.071,1.0868,1.1045,1.0835,1.0875,1.1014,1.0961,1.0898,1.1086,1.0775,1.0813,1.0718,1.0723,1.0818,1.1025,1.0773,1.0862,1.1124,1.1177,,,,,,,,,,,,
COMSTOCK RESOURCES INCORPORATED,B2,RF.Yield,,,,,,,,,,,,,,,,,,,,,,,,,,0.040614,0.038562,0.047033,0.049464,0.048491,0.046663,0.04245,0.042626,0.041887,0.045028,0.043955,0.043562,0.045513,0.048508,0.045179,0.04356,0.042878,0.047278,0.043902,0.047531,0.050347,0.050322,0.049046,0.050319,0.051347,0.053877,0.055306,0.056239,0.057711,0.055583,0.053116,0.051433,0.051515,0.049629,0.051775,0.054043,0.050938,0.051339,0.051449,0.05466,0.055721,0.054616,0.050893,0.049808,0.048707,0.043405,0.043098,,,,,,,,,,,,
COMSTOCK RESOURCES INCORPORATED,B2,Act.Price,,,,,,,,,,,,,,,,,,,,,,,,,,1.0155,1.0276,0.99337,0.96891,0.97483,1.0131,1.0054,1.0315,1.042,1.0526,1.0562,1.049,1.0304,1.0015,0.98222,1.0026,1.0337,1.0442,1.0133,1.014,0.99934,1.008,1.0026,1.0203,1.0004,0.99149,0.99203,0.98045,0.95743,0.96903,0.95951,0.96024,0.95809,0.97295,0.99175,0.98816,0.96826,0.97649,0.98934,0.99545,0.98118,0.95403,0.93076,0.9688,0.97222,0.96295,0.9658,,,,,,,,,,,,
COMSTOCK RESOURCES INCORPORATED,B2,Act.Yield,,,,,,,,,,,,,,,,,,,,,,,,,,0.065107,0.064045,0.070437,0.075616,0.075622,0.070189,0.072471,0.063249,0.062456,0.061586,0.061895,0.064049,0.068207,0.068267,0.0729,0.070161,0.065523,0.064709,0.071515,0.06596,0.069849,0.069301,0.071655,0.06923,0.074392,0.070379,0.071497,0.075211,0.081656,0.080517,0.084246,0.077699,0.07957,0.077564,0.074807,0.077013,0.083353,0.074549,0.072756,0.072759,0.078011,0.086851,0.095347,0.077218,0.077979,0.082303,0.083454,,,,,,,,,,,,
COMSTOCK RESOURCES INCORPORATED,B2,r0,,,,,,,,,,,,,,,,,,,,,,,,,,0.008204,0.0084614,0.0083106,0.0097108,0.012995,0.014158,0.016442,0.018387,0.020517,0.022958,0.024704,0.026113,0.027114,0.028516,0.030987,0.031881,0.034366,0.035309,0.03761,0.039237,0.041134,0.043359,0.044672,0.046813,0.046826,0.049433,0.052904,0.054138,0.055371,0.055856,0.054933,0.054652,0.054584,0.054785,0.054845,0.054889,0.05472,0.054889,0.054336,0.055045,0.054674,0.053892,0.061543,0.054026,0.047723,0.055417,0.049845,,,,,,,,,,,,
,,,,,,,,,,,,,,,,,,,,,,,,,,,,,,,,,,,,,,,,,,,,,,,,,,,,,,,,,,,,,,,,,,,,,,,,,,,,,,,,,,,,,,
,,,31/01/2002,28/02/2002,31/03/2002,30/04/2002,31/05/2002,30/06/2002,31/07/2002,31/08/2002,30/09/2002,31/10/2002,30/11/2002,31/12/2002,31/01/2003,28/02/2003,31/03/2003,30/04/2003,31/05/2003,30/06/2003,31/07/2003,31/08/2003,30/09/2003,31/10/2003,30/11/2003,31/12/2003,31/01/2004,29/02/2004,31/03/2004,30/04/2004,31/05/2004,30/06/2004,06/08/2004,31/08/2004,30/09/2004,01/11/2004,30/11/2004,31/12/2004,31/01/2005,28/02/2005,31/03/2005,02/05/2005,31/05/2005,30/06/2005,01/08/2005,31/08/2005,30/09/2005,31/10/2005,30/11/2005,03/01/2006,31/01/2006,28/02/2006,31/03/2006,01/05/2006,31/05/2006,30/06/2006,31/07/2006,31/08/2006,02/10/2006,31/10/2006,30/11/2006,03/01/2007,31/01/2007,28/02/2007,02/04/2007,30/04/2007,31/05/2007,02/07/2007,31/07/2007,31/08/2007,01/10/2007,31/10/2007,30/11/2007,31/12/2007,31/01/2008,29/02/2008,31/03/2008,30/04/2008,31/05/2008,30/06/2008,31/07/2008,31/08/2008,30/09/2008,31/10/2008,30/11/2008,31/12/2008
BLOUNT INCORPORATED,B2,PP.Price,,,,,,,,,,,,,,,,,,,,,,,,,,,,,,,1.2931,1.3084,1.3123,1.3223,1.3031,1.3137,1.3101,1.272,1.2555,1.2844,1.3008,1.3093,1.2404,1.2687,1.2487,1.2351,1.2401,1.251,1.2333,1.205,1.1947,1.191,1.1898,1.1839,1.1879,1.1814,1.1963,1.2004,1.2152,1.2062,1.1854,1.1803,1.1836,1.1876,1.1754,1.1729,1.1691,1.1668,1.1767,1.1859,1.2151,1.2181,,,,,,,,,,,,
BLOUNT INCORPORATED,B2,PP.Yield,,,,,,,,,,,,,,,,,,,,,,,,,,,,,,,0.04434,0.042913,0.042988,0.042344,0.045429,0.044675,0.045835,0.045588,0.048564,0.045253,0.043643,0.04309,0.047304,0.043911,0.047541,0.050364,0.050377,0.049565,0.053163,0.051351,0.053919,0.055443,0.056595,0.058602,0.058947,0.053189,0.051551,0.051679,0.049934,0.052644,0.057497,0.050976,0.05134,0.051508,0.054963,0.056654,0.058578,0.050881,0.049854,0.048914,0.043699,0.044049,,,,,,,,,,,,
BLOUNT INCORPORATED,B2,M.Price,,,,,,,,,,,,,,,,,,,,,,,,,,,,,,,1.2923,1.3075,1.3116,1.3215,1.3023,1.3124,1.3095,1.272,1.2555,1.2843,1.3006,1.3086,1.2404,1.2687,1.2487,1.235,1.2399,1.2501,1.2329,1.205,1.1946,1.1907,1.1891,1.1828,1.1875,1.181,1.1958,1.1999,1.2144,1.2048,1.1849,1.18,1.1833,1.1871,1.1745,1.1716,1.1685,1.1667,1.1764,1.1854,1.2142,1.2167,,,,,,,,,,,,
BLOUNT INCORPORATED,B2,M.Yield,,,,,,,,,,,,,,,,,,,,,,,,,,,,,,,0.044415,0.043003,0.04308,0.042448,0.045545,0.044857,0.045902,0.045589,0.048565,0.045268,0.043646,0.043186,0.047304,0.043911,0.047542,0.050375,0.050376,0.049722,0.053229,0.051322,0.053901,0.055504,0.056696,0.058775,0.059009,0.05324,0.051629,0.051786,0.050073,0.052893,0.057605,0.050987,0.051431,0.051605,0.055156,0.056904,0.058684,0.050904,0.04993,0.049062,0.043902,0.044338,,,,,,,,,,,,
BLOUNT INCORPORATED,B2,LS.Price,,,,,,,,,,,,,,,,,,,,,,,,,,,,,,,1.2122,1.1699,1.2176,1.2764,1.2575,1.2716,1.2712,1.195,1.1697,1.2087,1.2507,1.2686,1.1863,1.226,1.2001,1.1665,1.1827,1.2242,1.229,1.1651,1.1715,1.1805,1.1745,1.1566,1.1705,1.0982,1.1129,1.1318,1.1446,1.202,1.1953,1.1657,1.1742,1.1791,1.169,1.1655,1.1641,1.1615,1.1678,1.1676,1.1832,1.2141,,,,,,,,,,,,
BLOUNT INCORPORATED,B2,LS.Yield,,,,,,,,,,,,,,,,,,,,,,,,,,,,,,,0.054867,0.061389,0.055519,0.048306,0.051524,0.050359,0.05119,0.056411,0.061078,0.056114,0.050737,0.048879,0.055377,0.050158,0.054918,0.06119,0.059491,0.053817,0.053866,0.057918,0.057777,0.057245,0.059239,0.063488,0.062108,0.068441,0.06689,0.064409,0.063095,0.053399,0.055611,0.053741,0.05318,0.053172,0.056278,0.058187,0.059598,0.051971,0.051723,0.052848,0.050531,0.04491,,,,,,,,,,,,
BLOUNT INCORPORATED,B2,RF.Price,,,,,,,,,,,,,,,,,,,,,,,,,,,,,,,1.294,1.3095,1.3132,1.3235,1.3045,1.3179,1.3263,1.272,1.2555,1.2845,1.3009,1.3107,1.2404,1.2687,1.2487,1.2351,1.2404,1.2543,1.2509,1.2051,1.1948,1.1913,1.1915,1.189,1.2067,1.182,1.1971,1.2015,1.2171,1.211,1.2037,1.1804,1.1839,1.188,1.177,1.1771,1.1877,1.1669,1.177,1.1866,1.2168,1.2226,,,,,,,,,,,,
BLOUNT INCORPORATED,B2,RF.Yield,,,,,,,,,,,,,,,,,,,,,,,,,,,,,,,0.044207,0.042751,0.042873,0.04218,0.045225,0.044128,0.043662,0.045588,0.048563,0.045244,0.043625,0.04291,0.047304,0.043911,0.047541,0.050356,0.050329,0.049074,0.050357,0.051349,0.053907,0.055398,0.056293,0.05772,0.055579,0.053101,0.051392,0.051499,0.049571,0.05176,0.054027,0.050943,0.051294,0.051423,0.054637,0.055811,0.054667,0.050872,0.049803,0.048782,0.043361,0.043089,,,,,,,,,,,,
BLOUNT INCORPORATED,B2,Act.Price,,,,,,,,,,,,,,,,,,,,,,,,,,,,,,,1.023,1.0509,1.0763,1.1097,1.1131,1.121,1.088,1.1004,1.0708,1.0557,1.0751,1.108,1.0907,1.0984,1.0808,1.0752,1.0681,1.0957,1.0505,1.0579,1.0558,1.0629,1.0606,1.033,1.0105,1.0096,1.0133,1.0227,1.0506,1.0587,1.031,1.0509,1.0508,1.0727,1.0706,1.048,0.92049,1.0084,1.0318,1.0382,1.0306,1.04,,,,,,,,,,,,
BLOUNT INCORPORATED,B2,Act.Yield,,,,,,,,,,,,,,,,,,,,,,,,,,,,,,,0.083123,0.079488,0.076497,0.072337,0.072838,0.072643,0.079238,0.070897,0.076903,0.08076,0.078567,0.074098,0.070706,0.070483,0.074632,0.076875,0.079419,0.075782,0.085569,0.076892,0.078621,0.078606,0.08042,0.087475,0.093904,0.086244,0.087094,0.086562,0.082147,0.082135,0.089783,0.077031,0.078641,0.075212,0.077234,0.084117,0.1188,0.086434,0.08254,0.082677,0.08639,0.08591,,,,,,,,,,,,
BLOUNT INCORPORATED,B2,r0,,,,,,,,,,,,,,,,,,,,,,,,,,,,,,,0.014774,0.016442,0.018387,0.020517,0.022958,0.024704,0.026113,0.027114,0.028516,0.030987,0.031881,0.034366,0.035309,0.03761,0.039237,0.041134,0.043359,0.044672,0.046813,0.046826,0.049433,0.052904,0.054138,0.055371,0.055856,0.054933,0.054652,0.054584,0.054785,0.054845,0.054889,0.05472,0.054889,0.054336,0.055045,0.054674,0.053892,0.061543,0.054026,0.047723,0.055417,0.049845,,,,,,,,,,,,
,,,,,,,,,,,,,,,,,,,,,,,,,,,,,,,,,,,,,,,,,,,,,,,,,,,,,,,,,,,,,,,,,,,,,,,,,,,,,,,,,,,,,,
,,,31/01/2002,28/02/2002,31/03/2002,30/04/2002,31/05/2002,30/06/2002,31/07/2002,31/08/2002,30/09/2002,31/10/2002,30/11/2002,31/12/2002,31/01/2003,28/02/2003,31/03/2003,30/04/2003,31/05/2003,30/06/2003,31/07/2003,31/08/2003,30/09/2003,31/10/2003,30/11/2003,31/12/2003,31/01/2004,29/02/2004,31/03/2004,30/04/2004,31/05/2004,30/06/2004,31/07/2004,31/08/2004,30/09/2004,31/10/2004,30/11/2004,31/12/2004,31/01/2005,28/02/2005,31/03/2005,30/04/2005,31/05/2005,30/06/2005,31/07/2005,31/08/2005,30/09/2005,31/10/2005,30/11/2005,31/12/2005,31/01/2006,28/02/2006,31/03/2006,30/04/2006,31/05/2006,30/06/2006,31/07/2006,31/08/2006,30/09/2006,31/10/2006,30/11/2006,03/01/2007,31/01/2007,28/02/2007,02/04/2007,30/04/2007,31/05/2007,02/07/2007,31/07/2007,31/08/2007,01/10/2007,31/10/2007,30/11/2007,31/12/2007,31/01/2008,29/02/2008,31/03/2008,30/04/2008,31/05/2008,30/06/2008,31/07/2008,31/08/2008,30/09/2008,31/10/2008,30/11/2008,31/12/2008
BERRY PETROLEUM COMPANY,B3,PP.Price,,,,,,,,,,,,,,,,,,,,,,,,,,,,,,,,,,,,,,,,,,,,,,,,,,,,,,,,,,1.2587,1.2586,1.2421,1.2255,1.2568,1.255,1.2499,1.2026,1.1917,1.2074,1.2488,1.2599,1.2548,1.2912,1.2968,,,,,,,,,,,,
BERRY PETROLEUM COMPANY,B3,PP.Yield,,,,,,,,,,,,,,,,,,,,,,,,,,,,,,,,,,,,,,,,,,,,,,,,,,,,,,,,,,0.053303,0.049301,0.051799,0.054273,0.051246,0.052106,0.053323,0.054671,0.056701,0.055444,0.0511,0.050445,0.051695,0.043124,0.043027,,,,,,,,,,,,
BERRY PETROLEUM COMPANY,B3,M.Price,,,,,,,,,,,,,,,,,,,,,,,,,,,,,,,,,,,,,,,,,,,,,,,,,,,,,,,,,,1.2817,1.258,1.2411,1.2244,1.2555,1.2536,1.2493,1.2022,1.1912,1.2066,1.2477,1.2587,1.2544,1.291,1.2964,,,,,,,,,,,,
BERRY PETROLEUM COMPANY,B3,M.Yield,,,,,,,,,,,,,,,,,,,,,,,,,,,,,,,,,,,,,,,,,,,,,,,,,,,,,,,,,,0.05074,0.049391,0.051912,0.054399,0.051372,0.052276,0.053379,0.054719,0.056769,0.055544,0.051268,0.050585,0.051746,0.04315,0.043058,,,,,,,,,,,,
BERRY PETROLEUM COMPANY,B3,LS.Price,,,,,,,,,,,,,,,,,,,,,,,,,,,,,,,,,,,,,,,,,,,,,,,,,,,,,,,,,,0.92306,0.90532,1.0529,1.0554,1.0802,1.0892,1.1165,1.0649,1.047,1.0594,1.1078,1.1511,1.1618,1.1512,1.1887,,,,,,,,,,,,
BERRY PETROLEUM COMPANY,B3,LS.Yield,,,,,,,,,,,,,,,,,,,,,,,,,,,,,,,,,,,,,,,,,,,,,,,,,,,,,,,,,,0.098996,0.09629,0.075331,0.075804,0.073222,0.072982,0.070102,0.072391,0.07586,0.074994,0.069146,0.064125,0.063521,0.060252,0.056142,,,,,,,,,,,,
BERRY PETROLEUM COMPANY,B3,RF.Price,,,,,,,,,,,,,,,,,,,,,,,,,,,,,,,,,,,,,,,,,,,,,,,,,,,,,,,,,,1.277,1.2592,1.2443,1.2284,1.2617,1.2638,1.2682,1.2031,1.1926,1.2091,1.2527,1.2662,1.2721,1.2916,1.2973,,,,,,,,,,,,
BERRY PETROLEUM COMPANY,B3,RF.Yield,,,,,,,,,,,,,,,,,,,,,,,,,,,,,,,,,,,,,,,,,,,,,,,,,,,,,,,,,,0.051253,0.04925,0.051553,0.053927,0.050694,0.051137,0.051169,0.054608,0.056581,0.05523,0.050661,0.049699,0.049607,0.0431,0.042986,,,,,,,,,,,,
BERRY PETROLEUM COMPANY,B3,Act.Price,,,,,,,,,,,,,,,,,,,,,,,,,,,,,,,,,,,,,,,,,,,,,,,,,,,,,,,,,,1.0046,1.0094,1.0145,1.0081,1.0275,1.0294,1.003,1.0303,1.0222,0.98608,1.0134,1.0401,1.0209,1.0203,1.0367,,,,,,,,,,,,
BERRY PETROLEUM COMPANY,B3,Act.Yield,,,,,,,,,,,,,,,,,,,,,,,,,,,,,,,,,,,,,,,,,,,,,,,,,,,,,,,,,,0.086136,0.080373,0.080741,0.082566,0.080678,0.08149,0.086486,0.077276,0.079496,0.086006,0.082858,0.079883,0.083909,0.078655,0.077206,,,,,,,,,,,,
BERRY PETROLEUM COMPANY,B3,r0,,,,,,,,,,,,,,,,,,,,,,,,,,,,,,,,,,,,,,,,,,,,,,,,,,,,,,,,,,0.054584,0.054785,0.054845,0.054889,0.05472,0.054889,0.054336,0.055045,0.054674,0.053892,0.061543,0.054026,0.047723,0.055417,0.049845,,,,,,,,,,,,
,,,,,,,,,,,,,,,,,,,,,,,,,,,,,,,,,,,,,,,,,,,,,,,,,,,,,,,,,,,,,,,,,,,,,,,,,,,,,,,,,,,,,,
,,,31/01/2002,28/02/2002,31/03/2002,30/04/2002,31/05/2002,30/06/2002,31/07/2002,31/08/2002,30/09/2002,31/10/2002,30/11/2002,31/12/2002,31/01/2003,28/02/2003,31/03/2003,30/04/2003,31/05/2003,30/06/2003,31/07/2003,31/08/2003,30/09/2003,31/10/2003,30/11/2003,31/12/2003,31/01/2004,29/02/2004,31/03/2004,30/04/2004,31/05/2004,30/06/2004,31/07/2004,31/08/2004,30/09/2004,31/10/2004,30/11/2004,31/12/2004,31/01/2005,28/02/2005,31/03/2005,30/04/2005,31/05/2005,30/06/2005,31/07/2005,31/08/2005,30/09/2005,31/10/2005,30/11/2005,31/12/2005,31/01/2006,28/02/2006,31/03/2006,30/04/2006,31/05/2006,30/06/2006,31/07/2006,31/08/2006,30/09/2006,31/10/2006,06/12/2006,03/01/2007,31/01/2007,28/02/2007,02/04/2007,30/04/2007,31/05/2007,02/07/2007,31/07/2007,31/08/2007,01/10/2007,31/10/2007,30/11/2007,31/12/2007,31/01/2008,29/02/2008,31/03/2008,30/04/2008,31/05/2008,30/06/2008,31/07/2008,31/08/2008,30/09/2008,31/10/2008,30/11/2008,31/12/2008
WCA WASTE CORPORATION,B3,PP.Price,,,,,,,,,,,,,,,,,,,,,,,,,,,,,,,,,,,,,,,,,,,,,,,,,,,,,,,,,,,1.2828,1.2494,1.2367,1.2638,1.2656,1.2687,1.2447,1.2055,1.2186,1.2505,1.2614,1.2665,1.3055,1.2762,,,,,,,,,,,,
WCA WASTE CORPORATION,B3,PP.Yield,,,,,,,,,,,,,,,,,,,,,,,,,,,,,,,,,,,,,,,,,,,,,,,,,,,,,,,,,,,0.052801,0.051709,0.05422,0.051083,0.051663,0.051925,0.056364,0.056186,0.055001,0.051004,0.050159,0.050179,0.044993,0.043162,,,,,,,,,,,,
WCA WASTE CORPORATION,B3,M.Price,,,,,,,,,,,,,,,,,,,,,,,,,,,,,,,,,,,,,,,,,,,,,,,,,,,,,,,,,,,1.2799,1.2487,1.2354,1.2624,1.2639,1.267,1.2429,1.2051,1.2179,1.2492,1.2598,1.2644,1.3037,1.2752,,,,,,,,,,,,
WCA WASTE CORPORATION,B3,M.Yield,,,,,,,,,,,,,,,,,,,,,,,,,,,,,,,,,,,,,,,,,,,,,,,,,,,,,,,,,,,0.053177,0.051783,0.054391,0.051242,0.0519,0.052179,0.056609,0.056262,0.055114,0.051214,0.050377,0.050483,0.045275,0.043309,,,,,,,,,,,,
WCA WASTE CORPORATION,B3,LS.Price,,,,,,,,,,,,,,,,,,,,,,,,,,,,,,,,,,,,,,,,,,,,,,,,,,,,,,,,,,,1.0473,1.1106,1.1095,1.0981,1.1302,1.1359,1.1915,1.1585,1.1689,1.1211,1.1463,1.1866,1.0211,1.1074,,,,,,,,,,,,
WCA WASTE CORPORATION,B3,LS.Yield,,,,,,,,,,,,,,,,,,,,,,,,,,,,,,,,,,,,,,,,,,,,,,,,,,,,,,,,,,,0.089745,0.072385,0.073574,0.076496,0.072429,0.072543,0.064596,0.063543,0.062809,0.071819,0.068657,0.062957,0.094634,0.070856,,,,,,,,,,,,
WCA WASTE CORPORATION,B3,RF.Price,,,,,,,,,,,,,,,,,,,,,,,,,,,,,,,,,,,,,,,,,,,,,,,,,,,,,,,,,,,1.3092,1.2498,1.2384,1.2657,1.2687,1.2732,1.2561,1.2057,1.2192,1.2522,1.2642,1.2732,1.3175,1.2772,,,,,,,,,,,,
WCA WASTE CORPORATION,B3,RF.Yield,,,,,,,,,,,,,,,,,,,,,,,,,,,,,,,,,,,,,,,,,,,,,,,,,,,,,,,,,,,0.049145,0.051649,0.053977,0.050811,0.051224,0.051267,0.054647,0.056139,0.054917,0.050754,0.049746,0.049159,0.043194,0.043023,,,,,,,,,,,,
WCA WASTE CORPORATION,B3,Act.Price,,,,,,,,,,,,,,,,,,,,,,,,,,,,,,,,,,,,,,,,,,,,,,,,,,,,,,,,,,,1.0826,1.0509,1.0528,1.0806,1.0908,1.1005,1.1099,1.0451,1.0173,1.0256,1.058,1.071,1.0737,1.0221,,,,,,,,,,,,
WCA WASTE CORPORATION,B3,Act.Yield,,,,,,,,,,,,,,,,,,,,,,,,,,,,,,,,,,,,,,,,,,,,,,,,,,,,,,,,,,,0.083599,0.082262,0.083096,0.079467,0.079048,0.078528,0.078151,0.082791,0.089238,0.089144,0.084449,0.083399,0.084268,0.086757,,,,,,,,,,,,
WCA WASTE CORPORATION,B3,r0,,,,,,,,,,,,,,,,,,,,,,,,,,,,,,,,,,,,,,,,,,,,,,,,,,,,,,,,,,,0.05486,0.054845,0.054889,0.05472,0.054889,0.054336,0.055045,0.054674,0.053892,0.061543,0.054026,0.047723,0.055417,0.049845,,,,,,,,,,,,
,,,,,,,,,,,,,,,,,,,,,,,,,,,,,,,,,,,,,,,,,,,,,,,,,,,,,,,,,,,,,,,,,,,,,,,,,,,,,,,,,,,,,,
,,,31/01/2002,28/02/2002,31/03/2002,30/04/2002,31/05/2002,30/06/2002,31/07/2002,31/08/2002,30/09/2002,31/10/2002,30/11/2002,31/12/2002,31/01/2003,28/02/2003,31/03/2003,30/04/2003,31/05/2003,30/06/2003,31/07/2003,31/08/2003,30/09/2003,31/10/2003,30/11/2003,31/12/2003,31/01/2004,29/02/2004,31/03/2004,30/04/2004,31/05/2004,30/06/2004,31/07/2004,31/08/2004,30/09/2004,31/10/2004,30/11/2004,31/12/2004,31/01/2005,28/02/2005,31/03/2005,30/04/2005,31/05/2005,30/06/2005,31/07/2005,31/08/2005,30/09/2005,31/10/2005,30/11/2005,31/12/2005,31/01/2006,28/02/2006,31/03/2006,30/04/2006,31/05/2006,30/06/2006,31/07/2006,31/08/2006,30/09/2006,31/10/2006,30/11/2006,31/12/2006,31/01/2007,28/02/2007,02/04/2007,30/04/2007,31/05/2007,02/07/2007,31/07/2007,31/08/2007,01/10/2007,31/10/2007,30/11/2007,31/12/2007,31/01/2008,29/02/2008,31/03/2008,30/04/2008,31/05/2008,30/06/2008,31/07/2008,31/08/2008,30/09/2008,31/10/2008,30/11/2008,31/12/2008
BALDOR ELECTRIC COMPANY,B3,PP.Price,,,,,,,,,,,,,,,,,,,,,,,,,,,,,,,,,,,,,,,,,,,,,,,,,,,,,,,,,,,,,1.2707,1.2722,1.274,1.2781,1.2529,1.2403,1.2516,1.2624,1.276,1.2813,1.3435,1.3471,,,,,,,,,,,,
BALDOR ELECTRIC COMPANY,B3,PP.Yield,,,,,,,,,,,,,,,,,,,,,,,,,,,,,,,,,,,,,,,,,,,,,,,,,,,,,,,,,,,,,0.055039,0.05071,0.051175,0.051252,0.05472,0.056929,0.056222,0.050662,0.049725,0.049722,0.043315,0.043465,,,,,,,,,,,,
BALDOR ELECTRIC COMPANY,B3,M.Price,,,,,,,,,,,,,,,,,,,,,,,,,,,,,,,,,,,,,,,,,,,,,,,,,,,,,,,,,,,,,1.2692,1.2719,1.2736,1.2775,1.2522,1.2391,1.2502,1.2622,1.2757,1.2807,1.3423,1.3455,,,,,,,,,,,,
BALDOR ELECTRIC COMPANY,B3,M.Yield,,,,,,,,,,,,,,,,,,,,,,,,,,,,,,,,,,,,,,,,,,,,,,,,,,,,,,,,,,,,,0.055236,0.050746,0.05119,0.051338,0.054805,0.057064,0.056417,0.050684,0.049767,0.049797,0.043452,0.043654,,,,,,,,,,,,
BALDOR ELECTRIC COMPANY,B3,LS.Price,,,,,,,,,,,,,,,,,,,,,,,,,,,,,,,,,,,,,,,,,,,,,,,,,,,,,,,,,,,,,1.1113,1.0535,1.0843,1.0692,1.1607,1.1827,1.186,1.1019,1.1133,1.1809,0.99146,1.1338,,,,,,,,,,,,
BALDOR ELECTRIC COMPANY,B3,LS.Yield,,,,,,,,,,,,,,,,,,,,,,,,,,,,,,,,,,,,,,,,,,,,,,,,,,,,,,,,,,,,,0.074452,0.07728,0.074105,0.077009,0.065819,0.063894,0.064228,0.070419,0.069784,0.06177,0.089557,0.069644,,,,,,,,,,,,
BALDOR ELECTRIC COMPANY,B3,RF.Price,,,,,,,,,,,,,,,,,,,,,,,,,,,,,,,,,,,,,,,,,,,,,,,,,,,,,,,,,,,,,1.2809,1.2724,1.2744,1.2788,1.2539,1.2426,1.2599,1.2625,1.2763,1.2819,1.3457,1.3516,,,,,,,,,,,,
BALDOR ELECTRIC COMPANY,B3,RF.Yield,,,,,,,,,,,,,,,,,,,,,,,,,,,,,,,,,,,,,,,,,,,,,,,,,,,,,,,,,,,,,0.053925,0.050686,0.051132,0.051158,0.054604,0.056634,0.055262,0.050651,0.049695,0.049651,0.043067,0.042987,,,,,,,,,,,,
BALDOR ELECTRIC COMPANY,B3,Act.Price,,,,,,,,,,,,,,,,,,,,,,,,,,,,,,,,,,,,,,,,,,,,,,,,,,,,,,,,,,,,,1.0337,1.0596,1.0681,1.0898,1.1049,1.0921,1.0688,1.0373,1.0592,1.0617,1.0514,1.0631,,,,,,,,,,,,
BALDOR ELECTRIC COMPANY,B3,Act.Yield,,,,,,,,,,,,,,,,,,,,,,,,,,,,,,,,,,,,,,,,,,,,,,,,,,,,,,,,,,,,,0.085223,0.076427,0.076285,0.074217,0.073068,0.075815,0.080032,0.079393,0.077244,0.077862,0.08037,0.079703,,,,,,,,,,,,
BALDOR ELECTRIC COMPANY,B3,r0,,,,,,,,,,,,,,,,,,,,,,,,,,,,,,,,,,,,,,,,,,,,,,,,,,,,,,,,,,,,,0.054889,0.05472,0.054889,0.054336,0.055045,0.054674,0.053892,0.061543,0.054026,0.047723,0.055417,0.049845,,,,,,,,,,,,
,,,,,,,,,,,,,,,,,,,,,,,,,,,,,,,,,,,,,,,,,,,,,,,,,,,,,,,,,,,,,,,,,,,,,,,,,,,,,,,,,,,,,,
,,,31/01/2002,28/02/2002,31/03/2002,30/04/2002,31/05/2002,30/06/2002,31/07/2002,31/08/2002,30/09/2002,31/10/2002,30/11/2002,31/12/2002,31/01/2003,28/02/2003,31/03/2003,30/04/2003,31/05/2003,30/06/2003,31/07/2003,31/08/2003,30/09/2003,31/10/2003,30/11/2003,31/12/2003,31/01/2004,29/02/2004,31/03/2004,30/04/2004,31/05/2004,30/06/2004,31/07/2004,31/08/2004,30/09/2004,31/10/2004,30/11/2004,31/12/2004,31/01/2005,28/02/2005,31/03/2005,30/04/2005,31/05/2005,30/06/2005,31/07/2005,31/08/2005,30/09/2005,31/10/2005,30/11/2005,31/12/2005,31/01/2006,28/02/2006,31/03/2006,30/04/2006,31/05/2006,30/06/2006,31/07/2006,31/08/2006,30/09/2006,31/10/2006,30/11/2006,31/12/2006,31/01/2007,28/02/2007,31/03/2007,30/04/2007,31/05/2007,02/07/2007,31/07/2007,31/08/2007,01/10/2007,31/10/2007,30/11/2007,31/12/2007,31/01/2008,29/02/2008,31/03/2008,30/04/2008,31/05/2008,30/06/2008,31/07/2008,31/08/2008,30/09/2008,31/10/2008,30/11/2008,31/12/2008
W&T OFFSHORE INCORPORATED,B3,PP.Price,,,,,,,,,,,,,,,,,,,,,,,,,,,,,,,,,,,,,,,,,,,,,,,,,,,,,,,,,,,,,,,,,,1.1426,1.1514,1.1802,1.1909,1.1978,1.2357,1.2163,,,,,,,,,,,,
W&T OFFSHORE INCORPORATED,B3,PP.Yield,,,,,,,,,,,,,,,,,,,,,,,,,,,,,,,,,,,,,,,,,,,,,,,,,,,,,,,,,,,,,,,,,,0.057155,0.056554,0.052861,0.051989,0.051726,0.04648,0.043811,,,,,,,,,,,,
W&T OFFSHORE INCORPORATED,B3,M.Price,,,,,,,,,,,,,,,,,,,,,,,,,,,,,,,,,,,,,,,,,,,,,,,,,,,,,,,,,,,,,,,,,,1.1407,1.149,1.1775,1.1884,1.1954,1.2333,1.2146,,,,,,,,,,,,
W&T OFFSHORE INCORPORATED,B3,M.Yield,,,,,,,,,,,,,,,,,,,,,,,,,,,,,,,,,,,,,,,,,,,,,,,,,,,,,,,,,,,,,,,,,,0.057434,0.056962,0.053256,0.052381,0.052113,0.046847,0.044048,,,,,,,,,,,,
W&T OFFSHORE INCORPORATED,B3,LS.Price,,,,,,,,,,,,,,,,,,,,,,,,,,,,,,,,,,,,,,,,,,,,,,,,,,,,,,,,,,,,,,,,,,0.824,0.79485,0.81198,0.84889,0.87274,0.87441,0.90912,,,,,,,,,,,,
W&T OFFSHORE INCORPORATED,B3,LS.Yield,,,,,,,,,,,,,,,,,,,,,,,,,,,,,,,,,,,,,,,,,,,,,,,,,,,,,,,,,,,,,,,,,,0.11799,0.12688,0.12477,0.11791,0.11423,0.1158,0.10035,,,,,,,,,,,,
W&T OFFSHORE INCORPORATED,B3,RF.Price,,,,,,,,,,,,,,,,,,,,,,,,,,,,,,,,,,,,,,,,,,,,,,,,,,,,,,,,,,,,,,,,,,1.1488,1.1618,1.1937,1.2053,1.2139,1.2569,1.2213,,,,,,,,,,,,
W&T OFFSHORE INCORPORATED,B3,RF.Yield,,,,,,,,,,,,,,,,,,,,,,,,,,,,,,,,,,,,,,,,,,,,,,,,,,,,,,,,,,,,,,,,,,0.056153,0.054925,0.050747,0.049744,0.049169,0.043188,0.043021,,,,,,,,,,,,
W&T OFFSHORE INCORPORATED,B3,Act.Price,,,,,,,,,,,,,,,,,,,,,,,,,,,,,,,,,,,,,,,,,,,,,,,,,,,,,,,,,,,,,,,,,,0.98708,0.951,0.95083,0.98498,1.0021,0.97896,0.94208,,,,,,,,,,,,
W&T OFFSHORE INCORPORATED,B3,Act.Yield,,,,,,,,,,,,,,,,,,,,,,,,,,,,,,,,,,,,,,,,,,,,,,,,,,,,,,,,,,,,,,,,,,0.083948,0.092258,0.093802,0.08845,0.086468,0.092646,0.093315,,,,,,,,,,,,
W&T OFFSHORE INCORPORATED,B3,r0,,,,,,,,,,,,,,,,,,,,,,,,,,,,,,,,,,,,,,,,,,,,,,,,,,,,,,,,,,,,,,,,,,0.054674,0.053892,0.061543,0.054026,0.047723,0.055417,0.049845,,,,,,,,,,,,
,,,,,,,,,,,,,,,,,,,,,,,,,,,,,,,,,,,,,,,,,,,,,,,,,,,,,,,,,,,,,,,,,,,,,,,,,,,,,,,,,,,,,,
,,,31/01/2002,28/02/2002,31/03/2002,30/04/2002,31/05/2002,30/06/2002,31/07/2002,31/08/2002,30/09/2002,31/10/2002,30/11/2002,31/12/2002,31/01/2003,28/02/2003,31/03/2003,30/04/2003,31/05/2003,30/06/2003,31/07/2003,31/08/2003,30/09/2003,31/10/2003,30/11/2003,31/12/2003,31/01/2004,29/02/2004,31/03/2004,30/04/2004,31/05/2004,30/06/2004,31/07/2004,31/08/2004,30/09/2004,31/10/2004,30/11/2004,31/12/2004,31/01/2005,28/02/2005,31/03/2005,30/04/2005,31/05/2005,30/06/2005,31/07/2005,31/08/2005,30/09/2005,31/10/2005,30/11/2005,31/12/2005,31/01/2006,28/02/2006,31/03/2006,30/04/2006,31/05/2006,30/06/2006,31/07/2006,31/08/2006,02/10/2006,31/10/2006,30/11/2006,03/01/2007,31/01/2007,28/02/2007,02/04/2007,30/04/2007,31/05/2007,02/07/2007,31/07/2007,31/08/2007,01/10/2007,31/10/2007,30/11/2007,31/12/2007,31/01/2008,29/02/2008,31/03/2008,30/04/2008,31/05/2008,30/06/2008,31/07/2008,31/08/2008,30/09/2008,31/10/2008,30/11/2008,31/12/2008
DEAN FOODS COMPANY,B3,PP.Price,,,,,,,,,,,,,,,,,,,,,,,,,,,,,,,,,,,,,,,,,,,,,,,,,,,,,1.112,1.0904,1.1132,1.1399,1.1593,1.1624,1.1723,1.1368,1.1223,1.1528,1.1546,1.1583,1.1245,1.0928,1.1078,1.1474,1.1595,1.1645,1.2075,1.191,,,,,,,,,,,,
DEAN FOODS COMPANY,B3,PP.Yield,,,,,,,,,,,,,,,,,,,,,,,,,,,,,,,,,,,,,,,,,,,,,,,,,,,,,0.058715,0.057719,0.055559,0.05293,0.051233,0.051406,0.050845,0.05155,0.053928,0.050701,0.051111,0.051241,0.056244,0.056534,0.055195,0.050671,0.049735,0.049704,0.04478,0.042983,,,,,,,,,,,,
DEAN FOODS COMPANY,B3,M.Price,,,,,,,,,,,,,,,,,,,,,,,,,,,,,,,,,,,,,,,,,,,,,,,,,,,,,1.1115,1.0904,1.1131,1.1397,1.159,1.1616,1.1717,1.1368,1.1223,1.1527,1.1544,1.1578,1.1239,1.0928,1.1078,1.1473,1.1592,1.1637,1.2069,1.191,,,,,,,,,,,,
DEAN FOODS COMPANY,B3,M.Yield,,,,,,,,,,,,,,,,,,,,,,,,,,,,,,,,,,,,,,,,,,,,,,,,,,,,,0.058774,0.057722,0.055569,0.052945,0.051285,0.051534,0.050884,0.051551,0.05393,0.050707,0.051138,0.051311,0.056339,0.056534,0.055197,0.050683,0.049785,0.049823,0.044828,0.042984,,,,,,,,,,,,
DEAN FOODS COMPANY,B3,LS.Price,,,,,,,,,,,,,,,,,,,,,,,,,,,,,,,,,,,,,,,,,,,,,,,,,,,,,1.1165,1.0052,1.0579,1.0177,1.0025,1.0027,0.98996,1.0654,1.1048,1.0792,1.1044,1.0907,1.1336,1.0925,1.1072,1.0827,1.0955,1.1645,0.92066,1.1246,,,,,,,,,,,,
DEAN FOODS COMPANY,B3,LS.Yield,,,,,,,,,,,,,,,,,,,,,,,,,,,,,,,,,,,,,,,,,,,,,,,,,,,,,0.058155,0.0688,0.062497,0.068673,0.07169,0.072477,0.075263,0.060661,0.056171,0.060144,0.057541,0.060062,0.055078,0.056587,0.055276,0.059347,0.058316,0.049701,0.087446,0.051636,,,,,,,,,,,,
DEAN FOODS COMPANY,B3,RF.Price,,,,,,,,,,,,,,,,,,,,,,,,,,,,,,,,,,,,,,,,,,,,,,,,,,,,,1.1258,1.0904,1.1132,1.1399,1.1596,1.1639,1.1854,1.1368,1.1223,1.1528,1.1546,1.1587,1.137,1.0928,1.1078,1.1474,1.1597,1.1656,1.2208,1.191,,,,,,,,,,,,
DEAN FOODS COMPANY,B3,RF.Yield,,,,,,,,,,,,,,,,,,,,,,,,,,,,,,,,,,,,,,,,,,,,,,,,,,,,,0.05701,0.057719,0.055555,0.052925,0.051189,0.051262,0.049249,0.05155,0.053928,0.050699,0.05114,0.051179,0.054606,0.056534,0.055195,0.050667,0.049704,0.049553,0.043098,0.042983,,,,,,,,,,,,
DEAN FOODS COMPANY,B3,Act.Price,,,,,,,,,,,,,,,,,,,,,,,,,,,,,,,,,,,,,,,,,,,,,,,,,,,,,0.9835,0.97683,0.98228,1.011,1.0268,1.0435,1.022,1.0234,1.0224,1.0508,1.0279,1.0421,0.99828,0.96161,0.93205,0.93828,0.97392,0.96494,0.88578,0.89622,,,,,,,,,,,,
DEAN FOODS COMPANY,B3,Act.Yield,,,,,,,,,,,,,,,,,,,,,,,,,,,,,,,,,,,,,,,,,,,,,,,,,,,,,0.075945,0.072715,0.072829,0.06962,0.068259,0.066747,0.070561,0.066326,0.067223,0.063985,0.068073,0.066818,0.074214,0.075439,0.081106,0.081129,0.076386,0.078825,0.093715,0.086771,,,,,,,,,,,,
DEAN FOODS COMPANY,B3,r0,,,,,,,,,,,,,,,,,,,,,,,,,,,,,,,,,,,,,,,,,,,,,,,,,,,,,0.054138,0.055371,0.055856,0.054933,0.054652,0.054584,0.054785,0.054845,0.054889,0.05472,0.054889,0.054336,0.055045,0.054674,0.053892,0.061543,0.054026,0.047723,0.055417,0.049845,,,,,,,,,,,,
,,,,,,,,,,,,,,,,,,,,,,,,,,,,,,,,,,,,,,,,,,,,,,,,,,,,,,,,,,,,,,,,,,,,,,,,,,,,,,,,,,,,,,
,,,31/01/2002,28/02/2002,31/03/2002,30/04/2002,31/05/2002,30/06/2002,31/07/2002,31/08/2002,30/09/2002,31/10/2002,30/11/2002,31/12/2002,31/01/2003,28/02/2003,31/03/2003,30/04/2003,31/05/2003,30/06/2003,31/07/2003,31/08/2003,30/09/2003,31/10/2003,30/11/2003,31/12/2003,31/01/2004,29/02/2004,31/03/2004,30/04/2004,31/05/2004,30/06/2004,31/07/2004,31/08/2004,30/09/2004,31/10/2004,30/11/2004,31/12/2004,31/01/2005,28/02/2005,31/03/2005,02/05/2005,31/05/2005,30/06/2005,01/08/2005,31/08/2005,30/09/2005,31/10/2005,30/11/2005,03/01/2006,31/01/2006,28/02/2006,31/03/2006,01/05/2006,31/05/2006,30/06/2006,31/07/2006,31/08/2006,02/10/2006,31/10/2006,30/11/2006,03/01/2007,31/01/2007,28/02/2007,02/04/2007,30/04/2007,31/05/2007,02/07/2007,31/07/2007,31/08/2007,01/10/2007,31/10/2007,30/11/2007,31/12/2007,31/01/2008,29/02/2008,31/03/2008,30/04/2008,31/05/2008,30/06/2008,31/07/2008,31/08/2008,30/09/2008,31/10/2008,30/11/2008,31/12/2008
ANIXTER INCORPORATED,Ba1,PP.Price,,,,,,,,,,,,,,,,,,,,,,,,,,,,,,,,,,,,,,1.1155,1.0775,1.1105,1.1313,1.1425,1.109,1.1331,1.0886,1.0707,1.0758,1.0906,1.0833,1.0712,1.0384,1.0263,1.0268,1.0252,1.0443,1.0574,1.0563,1.0601,1.0786,1.0665,1.0531,1.0703,1.0543,1.0579,1.0401,1.034,1.0461,1.0686,1.0609,1.0677,1.1124,1.117,,,,,,,,,,,,
ANIXTER INCORPORATED,Ba1,PP.Yield,,,,,,,,,,,,,,,,,,,,,,,,,,,,,,,,,,,,,,0.047945,0.049465,0.046086,0.044089,0.043273,0.0478,0.045432,0.047724,0.050547,0.050477,0.049204,0.050693,0.052868,0.053923,0.056249,0.056853,0.057795,0.05577,0.054571,0.051249,0.051322,0.049331,0.05174,0.054334,0.052431,0.05116,0.051243,0.054645,0.05635,0.055196,0.052404,0.049727,0.049334,0.043162,0.043064,,,,,,,,,,,,
ANIXTER INCORPORATED,Ba1,M.Price,,,,,,,,,,,,,,,,,,,,,,,,,,,,,,,,,,,,,,1.1152,1.0775,1.1105,1.1312,1.1423,1.1085,1.1328,1.0886,1.0707,1.0757,1.0897,1.0822,1.0707,1.0384,1.0262,1.0265,1.0246,1.0433,1.0569,1.0562,1.0601,1.0785,1.0658,1.0522,1.0699,1.0542,1.0579,1.04,1.0337,1.0455,1.0681,1.0609,1.0677,1.1122,1.1166,,,,,,,,,,,,
ANIXTER INCORPORATED,Ba1,M.Yield,,,,,,,,,,,,,,,,,,,,,,,,,,,,,,,,,,,,,,0.047984,0.049466,0.046089,0.044098,0.043294,0.047869,0.045435,0.047725,0.05055,0.050488,0.04933,0.050823,0.052928,0.05393,0.056264,0.056889,0.057875,0.055909,0.054644,0.051253,0.051328,0.049346,0.051868,0.054474,0.052482,0.051164,0.051249,0.054659,0.056394,0.055289,0.052464,0.049727,0.049339,0.043179,0.043111,,,,,,,,,,,,
ANIXTER INCORPORATED,Ba1,LS.Price,,,,,,,,,,,,,,,,,,,,,,,,,,,,,,,,,,,,,,0.99313,0.9313,1.0006,1.0257,1.0539,1.0138,1.0486,0.99811,0.96136,0.97952,0.93078,0.9835,0.92821,0.93557,1.0069,0.9991,0.95567,1.0042,0.99533,0.9675,0.9778,0.97561,0.94137,0.98947,0.98209,0.97695,0.96812,1.0195,1.0274,1.0418,1.029,1.0207,1.0579,0.9164,1.0433,,,,,,,,,,,,
ANIXTER INCORPORATED,Ba1,LS.Yield,,,,,,,,,,,,,,,,,,,,,,,,,,,,,,,,,,,,,,0.063443,0.068681,0.059833,0.057154,0.054117,0.060081,0.056087,0.059523,0.065437,0.063553,0.071737,0.064548,0.073771,0.068818,0.058993,0.060853,0.068202,0.061622,0.063758,0.064303,0.063459,0.064621,0.071149,0.064136,0.066104,0.063051,0.065263,0.057816,0.057403,0.055887,0.058728,0.056025,0.050856,0.075966,0.054693,,,,,,,,,,,,
ANIXTER INCORPORATED,Ba1,RF.Price,,,,,,,,,,,,,,,,,,,,,,,,,,,,,,,,,,,,,,1.127,1.0775,1.1105,1.1314,1.1429,1.1103,1.1446,1.0886,1.0708,1.0758,1.0918,1.0858,1.0831,1.0384,1.0263,1.0269,1.0257,1.0457,1.0689,1.0563,1.0601,1.0787,1.0677,1.0559,1.082,1.0543,1.0579,1.0401,1.0342,1.047,1.0798,1.0609,1.0677,1.1125,1.1175,,,,,,,,,,,,
ANIXTER INCORPORATED,Ba1,RF.Yield,,,,,,,,,,,,,,,,,,,,,,,,,,,,,,,,,,,,,,0.046608,0.049464,0.046085,0.044082,0.043245,0.047647,0.044015,0.047724,0.050544,0.050467,0.049059,0.050379,0.051295,0.053922,0.056245,0.056835,0.057721,0.055561,0.052947,0.051249,0.051321,0.049293,0.051586,0.053945,0.050714,0.051159,0.051241,0.054638,0.056314,0.055048,0.050667,0.049727,0.049333,0.043151,0.042983,,,,,,,,,,,,
ANIXTER INCORPORATED,Ba1,Act.Price,,,,,,,,,,,,,,,,,,,,,,,,,,,,,,,,,,,,,,1.0076,0.98773,0.97348,0.97426,0.99095,0.97366,1.0016,0.97069,0.95321,0.91796,0.90643,0.91524,0.92657,0.92795,0.93125,0.9175,0.92,0.9225,0.915,0.9275,0.94,0.9375,0.925,0.94625,0.9425,0.94,0.94,0.935,0.935,0.9,0.905,0.915,0.915,0.905,0.90125,,,,,,,,,,,,
ANIXTER INCORPORATED,Ba1,Act.Yield,,,,,,,,,,,,,,,,,,,,,,,,,,,,,,,,,,,,,,0.061503,0.060842,0.063497,0.064094,0.062507,0.065692,0.062468,0.063336,0.066618,0.072782,0.07555,0.07499,0.07406,0.069999,0.070349,0.073402,0.073884,0.074473,0.076689,0.070658,0.069466,0.070779,0.0739,0.071194,0.072712,0.069108,0.069967,0.07178,0.072822,0.080175,0.080405,0.074106,0.075142,0.078101,0.080006,,,,,,,,,,,,
ANIXTER INCORPORATED,Ba1,r0,,,,,,,,,,,,,,,,,,,,,,,,,,,,,,,,,,,,,,0.027114,0.028516,0.030987,0.031881,0.034366,0.035309,0.03761,0.039237,0.041134,0.043359,0.044672,0.046813,0.046826,0.049433,0.052904,0.054138,0.055371,0.055856,0.054933,0.054652,0.054584,0.054785,0.054845,0.054889,0.05472,0.054889,0.054336,0.055045,0.054674,0.053892,0.061543,0.054026,0.047723,0.055417,0.049845,,,,,,,,,,,,
,,,,,,,,,,,,,,,,,,,,,,,,,,,,,,,,,,,,,,,,,,,,,,,,,,,,,,,,,,,,,,,,,,,,,,,,,,,,,,,,,,,,,,
